wilayah_kode,wilayah,tahun,value
1500,JAMBI,2007,0.321
7300,SULAWESI SELATAN,2007,0.38
7600,SULAWESI BARAT,2007,0.325
3300,JAWA TENGAH,2007,0.349
5100,BALI,2007,0.348
2100,KEP. RIAU,2007,0.321
3200,JAWA BARAT,2007,0.355
7100,SULAWESI UTARA,2007,0.352
1200,SUMATERA UTARA,2007,0.322
9400,PAPUA,2007,0.36
3400,DI YOGYAKARTA,2007,0.316
3600,BANTEN,2007,0.246
7100,SULAWESI UTARA,2007,0.294
6300,KALIMANTAN SELATAN,2007,0.289
3600,BANTEN,2007,0.356
8200,MALUKU UTARA,2007,0.311
7200,SULAWESI TENGAH,2007,0.33
3400,DI YOGYAKARTA,2007,0.367
1300,SUMATERA BARAT,2007,0.32
5100,BALI,2007,0.345
5200,NUSA TENGGARA BARAT,2007,0.355
3500,JAWA TIMUR,2007,0.289
7400,SULAWESI TENGGARA,2007,0.342
5200,NUSA TENGGARA BARAT,2007,0.296
9100,PAPUA BARAT,2007,0.346
9100,PAPUA BARAT,2007,0.312
3200,JAWA BARAT,2007,0.357
8200,MALUKU UTARA,2007,0.346
3300,JAWA TENGAH,2007,0.285
3400,DI YOGYAKARTA,2007,0.378
1900,KEP. BANGKA BELITUNG,2007,0.297
2100,KEP. RIAU,2007,0.256
2100,KEP. RIAU,2007,0.32
9100,PAPUA BARAT,2007,0.287
1800,LAMPUNG,2007,0.303
6300,KALIMANTAN SELATAN,2007,0.355
3100,DKI JAKARTA,2007,0.367
7400,SULAWESI TENGGARA,2007,0.323
6200,KALIMANTAN TENGAH,2007,0.322
9999,INDONESIA,2007,0.374
1600,SUMATERA SELATAN,2007,0.337
8100,MALUKU,2007,0.325
3300,JAWA TENGAH,2007,0.338
3200,JAWA BARAT,2007,0.279
5300,NUSA TENGGARA TIMUR,2007,0.283
6200,KALIMANTAN TENGAH,2007,0.274
1300,SUMATERA BARAT,2007,0.279
3100,DKI JAKARTA,2007,0.367
1200,SUMATERA UTARA,2007,0.269
7100,SULAWESI UTARA,2007,0.338
1500,JAMBI,2007,0.333
9999,INDONESIA,2007,0.376
5100,BALI,2007,0.295
1600,SUMATERA SELATAN,2007,0.299
1200,SUMATERA UTARA,2007,0.329
5300,NUSA TENGGARA TIMUR,2007,0.363
1800,LAMPUNG,2007,0.436
6400,KALIMANTAN TIMUR,2007,0.351
8200,MALUKU UTARA,2007,0.317
1100,ACEH,2007,0.289
9400,PAPUA,2007,0.317
6100,KALIMANTAN BARAT,2007,0.339
3600,BANTEN,2007,0.379
1700,BENGKULU,2007,0.35
1900,KEP. BANGKA BELITUNG,2007,0.278
1400,RIAU,2007,0.335
1800,LAMPUNG,2007,0.402
3500,JAWA TIMUR,2007,0.348
3500,JAWA TIMUR,2007,0.348
1100,ACEH,2007,0.285
1400,RIAU,2007,0.339
7300,SULAWESI SELATAN,2007,0.358
1600,SUMATERA SELATAN,2007,0.329
8100,MALUKU,2007,0.34
1900,KEP. BANGKA BELITUNG,2007,0.256
7200,SULAWESI TENGAH,2007,0.292
7600,SULAWESI BARAT,2007,0.34
5300,NUSA TENGGARA TIMUR,2007,0.363
8100,MALUKU,2007,0.273
6300,KALIMANTAN SELATAN,2007,0.356
6100,KALIMANTAN BARAT,2007,0.321
1400,RIAU,2007,0.301
1100,ACEH,2007,0.257
7500,GORONTALO,2007,0.308
1700,BENGKULU,2007,0.367
7500,GORONTALO,2007,0.398
6400,KALIMANTAN TIMUR,2007,0.346
6400,KALIMANTAN TIMUR,2007,0.295
1300,SUMATERA BARAT,2007,0.309
7600,SULAWESI BARAT,2007,0.289
1500,JAMBI,2007,0.28
1700,BENGKULU,2007,0.288
9999,INDONESIA,2007,0.302
6100,KALIMANTAN BARAT,2007,0.287
6200,KALIMANTAN TENGAH,2007,0.312
7300,SULAWESI SELATAN,2007,0.31
7500,GORONTALO,2007,0.437
9400,PAPUA,2007,0.422
7400,SULAWESI TENGGARA,2007,0.363
5200,NUSA TENGGARA BARAT,2007,0.339
7200,SULAWESI TENGAH,2007,0.317
6100,KALIMANTAN BARAT,2008,0.298
1300,SUMATERA BARAT,2008,0.304
7100,SULAWESI UTARA,2008,0.295
1400,RIAU,2008,0.325
3500,JAWA TIMUR,2008,0.286
9100,PAPUA BARAT,2008,0.326
7200,SULAWESI TENGAH,2008,0.314
1500,JAMBI,2008,0.283
3300,JAWA TENGAH,2008,0.325
8100,MALUKU,2008,0.324
6300,KALIMANTAN SELATAN,2008,0.365
6400,KALIMANTAN TIMUR,2008,0.278
1600,SUMATERA SELATAN,2008,0.313
3600,BANTEN,2008,0.354
7600,SULAWESI BARAT,2008,0.319
3500,JAWA TIMUR,2008,0.346
3400,DI YOGYAKARTA,2008,0.376
6100,KALIMANTAN BARAT,2008,0.326
2100,KEP. RIAU,2008,0.309
3600,BANTEN,2008,0.255
6400,KALIMANTAN TIMUR,2008,0.362
9400,PAPUA,2008,0.363
7500,GORONTALO,2008,0.307
1900,KEP. BANGKA BELITUNG,2008,0.275
9100,PAPUA BARAT,2008,0.272
7300,SULAWESI SELATAN,2008,0.302
5100,BALI,2008,0.318
6300,KALIMANTAN SELATAN,2008,0.345
5100,BALI,2008,0.281
6200,KALIMANTAN TENGAH,2008,0.275
8200,MALUKU UTARA,2008,0.311
1200,SUMATERA UTARA,2008,0.323
8200,MALUKU UTARA,2008,0.29
1300,SUMATERA BARAT,2008,0.276
1100,ACEH,2008,0.29
9400,PAPUA,2008,0.407
9100,PAPUA BARAT,2008,0.298
1700,BENGKULU,2008,0.335
3200,JAWA BARAT,2008,0.36
1900,KEP. BANGKA BELITUNG,2008,0.279
7100,SULAWESI UTARA,2008,0.295
7300,SULAWESI SELATAN,2008,0.37
7600,SULAWESI BARAT,2008,0.317
3200,JAWA BARAT,2008,0.354
3100,DKI JAKARTA,2008,0.362
6200,KALIMANTAN TENGAH,2008,0.307
3400,DI YOGYAKARTA,2008,0.368
7300,SULAWESI SELATAN,2008,0.354
2100,KEP. RIAU,2008,0.259
5300,NUSA TENGGARA TIMUR,2008,0.349
9999,INDONESIA,2008,0.368
6200,KALIMANTAN TENGAH,2008,0.317
7400,SULAWESI TENGGARA,2008,0.28
8200,MALUKU UTARA,2008,0.339
5200,NUSA TENGGARA BARAT,2008,0.362
3300,JAWA TENGAH,2008,0.332
1100,ACEH,2008,0.253
1500,JAMBI,2008,0.295
1700,BENGKULU,2008,0.348
5200,NUSA TENGGARA BARAT,2008,0.303
7400,SULAWESI TENGGARA,2008,0.338
7600,SULAWESI BARAT,2008,0.323
3300,JAWA TENGAH,2008,0.274
7100,SULAWESI UTARA,2008,0.285
1600,SUMATERA SELATAN,2008,0.316
5300,NUSA TENGGARA TIMUR,2008,0.331
1700,BENGKULU,2008,0.343
1800,LAMPUNG,2008,0.415
3100,DKI JAKARTA,2008,0.362
3200,JAWA BARAT,2008,0.289
1100,ACEH,2008,0.301
1200,SUMATERA UTARA,2008,0.335
7500,GORONTALO,2008,0.35
1900,KEP. BANGKA BELITUNG,2008,0.268
7200,SULAWESI TENGAH,2008,0.34
7500,GORONTALO,2008,0.353
5100,BALI,2008,0.313
2100,KEP. RIAU,2008,0.316
1800,LAMPUNG,2008,0.362
9400,PAPUA,2008,0.309
3500,JAWA TIMUR,2008,0.345
3400,DI YOGYAKARTA,2008,0.3
1300,SUMATERA BARAT,2008,0.308
6400,KALIMANTAN TIMUR,2008,0.359
9999,INDONESIA,2008,0.367
8100,MALUKU,2008,0.272
5300,NUSA TENGGARA TIMUR,2008,0.29
9999,INDONESIA,2008,0.3
5200,NUSA TENGGARA BARAT,2008,0.342
8100,MALUKU,2008,0.3
1200,SUMATERA UTARA,2008,0.272
6300,KALIMANTAN SELATAN,2008,0.273
1400,RIAU,2008,0.295
1400,RIAU,2008,0.328
1600,SUMATERA SELATAN,2008,0.291
3600,BANTEN,2008,0.344
6100,KALIMANTAN BARAT,2008,0.344
1800,LAMPUNG,2008,0.292
1500,JAMBI,2008,0.297
7200,SULAWESI TENGAH,2008,0.321
7400,SULAWESI TENGGARA,2008,0.327
5300,NUSA TENGGARA TIMUR,2009,0.357
7300,SULAWESI SELATAN,2009,0.296
1400,RIAU,2009,0.326
5100,BALI,2009,0.316
5100,BALI,2009,0.256
3500,JAWA TIMUR,2009,0.333
1700,BENGKULU,2009,0.319
1900,KEP. BANGKA BELITUNG,2009,0.277
1700,BENGKULU,2009,0.276
1800,LAMPUNG,2009,0.353
3200,JAWA BARAT,2009,0.282
7200,SULAWESI TENGAH,2009,0.338
1900,KEP. BANGKA BELITUNG,2009,0.29
8100,MALUKU,2009,0.312
6300,KALIMANTAN SELATAN,2009,0.371
6400,KALIMANTAN TIMUR,2009,0.355
1500,JAMBI,2009,0.276
1100,ACEH,2009,0.25
7600,SULAWESI BARAT,2009,0.301
1100,ACEH,2009,0.288
7300,SULAWESI SELATAN,2009,0.375
6200,KALIMANTAN TENGAH,2009,0.262
8200,MALUKU UTARA,2009,0.292
1200,SUMATERA UTARA,2009,0.327
3600,BANTEN,2009,0.279
6400,KALIMANTAN TIMUR,2009,0.283
5200,NUSA TENGGARA BARAT,2009,0.354
6300,KALIMANTAN SELATAN,2009,0.348
5200,NUSA TENGGARA BARAT,2009,0.398
9100,PAPUA BARAT,2009,0.327
6200,KALIMANTAN TENGAH,2009,0.293
3300,JAWA TENGAH,2009,0.331
7500,GORONTALO,2009,0.355
1800,LAMPUNG,2009,0.39
7300,SULAWESI SELATAN,2009,0.394
5100,BALI,2009,0.315
3300,JAWA TENGAH,2009,0.319
3600,BANTEN,2009,0.369
7400,SULAWESI TENGGARA,2009,0.359
7100,SULAWESI UTARA,2009,0.311
7100,SULAWESI UTARA,2009,0.315
7600,SULAWESI BARAT,2009,0.328
1800,LAMPUNG,2009,0.296
1300,SUMATERA BARAT,2009,0.268
3100,DKI JAKARTA,2009,0.356
9100,PAPUA BARAT,2009,0.353
2100,KEP. RIAU,2009,0.291
5300,NUSA TENGGARA TIMUR,2009,0.305
3200,JAWA BARAT,2009,0.365
7400,SULAWESI TENGGARA,2009,0.37
7500,GORONTALO,2009,0.326
1900,KEP. BANGKA BELITUNG,2009,0.288
3400,DI YOGYAKARTA,2009,0.312
1100,ACEH,2009,0.291
7200,SULAWESI TENGAH,2009,0.336
9999,INDONESIA,2009,0.295
6100,KALIMANTAN BARAT,2009,0.343
9100,PAPUA BARAT,2009,0.259
3300,JAWA TENGAH,2009,0.274
6300,KALIMANTAN SELATAN,2009,0.295
6400,KALIMANTAN TIMUR,2009,0.379
1200,SUMATERA UTARA,2009,0.26
3400,DI YOGYAKARTA,2009,0.367
6200,KALIMANTAN TENGAH,2009,0.29
1300,SUMATERA BARAT,2009,0.298
6100,KALIMANTAN BARAT,2009,0.288
1400,RIAU,2009,0.331
1300,SUMATERA BARAT,2009,0.289
2100,KEP. RIAU,2009,0.239
9400,PAPUA,2009,0.334
9999,INDONESIA,2009,0.367
8100,MALUKU,2009,0.319
1600,SUMATERA SELATAN,2009,0.313
3400,DI YOGYAKARTA,2009,0.376
8100,MALUKU,2009,0.265
7100,SULAWESI UTARA,2009,0.3
9400,PAPUA,2009,0.383
5300,NUSA TENGGARA TIMUR,2009,0.339
3100,DKI JAKARTA,2009,0.356
1700,BENGKULU,2009,0.302
6100,KALIMANTAN BARAT,2009,0.321
5200,NUSA TENGGARA BARAT,2009,0.299
1400,RIAU,2009,0.311
1500,JAMBI,2009,0.269
9400,PAPUA,2009,0.292
3500,JAWA TIMUR,2009,0.334
8200,MALUKU UTARA,2009,0.249
7200,SULAWESI TENGAH,2009,0.311
3500,JAWA TIMUR,2009,0.278
1500,JAMBI,2009,0.245
8200,MALUKU UTARA,2009,0.327
9999,INDONESIA,2009,0.372
1600,SUMATERA SELATAN,2009,0.27
3600,BANTEN,2009,0.357
3200,JAWA BARAT,2009,0.378
7400,SULAWESI TENGGARA,2009,0.265
1600,SUMATERA SELATAN,2009,0.326
7600,SULAWESI BARAT,2009,0.279
2100,KEP. RIAU,2009,0.287
7500,GORONTALO,2009,0.338
1200,SUMATERA UTARA,2009,0.317
5300,NUSA TENGGARA TIMUR,2010,0.345
1500,JAMBI,2010,0.301
7200,SULAWESI TENGAH,2010,0.366
7300,SULAWESI SELATAN,2010,0.37
1800,LAMPUNG,2010,0.36
6100,KALIMANTAN BARAT,2010,0.402
3100,DKI JAKARTA,2010,0.361
1800,LAMPUNG,2010,0.309
3600,BANTEN,2010,0.419
6200,KALIMANTAN TENGAH,2010,0.304
1300,SUMATERA BARAT,2010,0.315
8100,MALUKU,2010,0.303
2100,KEP. RIAU,2010,0.293
3200,JAWA BARAT,2010,0.357
7100,SULAWESI UTARA,2010,0.379
3600,BANTEN,2010,0.289
7500,GORONTALO,2010,0.374
1400,RIAU,2010,0.326
8200,MALUKU UTARA,2010,0.278
1400,RIAU,2010,0.286
3100,DKI JAKARTA,2010,0.361
1200,SUMATERA UTARA,2010,0.346
1900,KEP. BANGKA BELITUNG,2010,0.296
1700,BENGKULU,2010,0.319
3400,DI YOGYAKARTA,2010,0.331
5100,BALI,2010,0.366
3500,JAWA TIMUR,2010,0.335
7200,SULAWESI TENGAH,2010,0.334
1700,BENGKULU,2010,0.365
6200,KALIMANTAN TENGAH,2010,0.295
6400,KALIMANTAN TIMUR,2010,0.344
6300,KALIMANTAN SELATAN,2010,0.394
5300,NUSA TENGGARA TIMUR,2010,0.347
1200,SUMATERA UTARA,2010,0.371
3500,JAWA TIMUR,2010,0.287
7600,SULAWESI BARAT,2010,0.383
1300,SUMATERA BARAT,2010,0.325
8200,MALUKU UTARA,2010,0.336
3300,JAWA TENGAH,2010,0.341
1500,JAMBI,2010,0.304
3400,DI YOGYAKARTA,2010,0.407
1100,ACEH,2010,0.312
3500,JAWA TIMUR,2010,0.337
1800,LAMPUNG,2010,0.397
7100,SULAWESI UTARA,2010,0.37
3300,JAWA TENGAH,2010,0.297
7200,SULAWESI TENGAH,2010,0.371
7400,SULAWESI TENGGARA,2010,0.351
6300,KALIMANTAN SELATAN,2010,0.306
9999,INDONESIA,2010,0.382
8100,MALUKU,2010,0.329
6400,KALIMANTAN TIMUR,2010,0.368
1300,SUMATERA BARAT,2010,0.306
9999,INDONESIA,2010,0.378
3300,JAWA TENGAH,2010,0.357
1600,SUMATERA SELATAN,2010,0.348
6300,KALIMANTAN SELATAN,2010,0.366
2100,KEP. RIAU,2010,0.306
5100,BALI,2010,0.313
2100,KEP. RIAU,2010,0.227
1500,JAMBI,2010,0.293
5300,NUSA TENGGARA TIMUR,2010,0.378
1900,KEP. BANGKA BELITUNG,2010,0.255
8100,MALUKU,2010,0.322
9400,PAPUA,2010,0.414
5200,NUSA TENGGARA BARAT,2010,0.328
1200,SUMATERA UTARA,2010,0.279
7400,SULAWESI TENGGARA,2010,0.421
7300,SULAWESI SELATAN,2010,0.361
1400,RIAU,2010,0.32
1700,BENGKULU,2010,0.397
3200,JAWA BARAT,2010,0.356
6400,KALIMANTAN TIMUR,2010,0.31
1600,SUMATERA SELATAN,2010,0.309
6100,KALIMANTAN BARAT,2010,0.309
7500,GORONTALO,2010,0.438
3600,BANTEN,2010,0.419
5100,BALI,2010,0.37
6100,KALIMANTAN BARAT,2010,0.37
7600,SULAWESI BARAT,2010,0.33
7300,SULAWESI SELATAN,2010,0.404
7600,SULAWESI BARAT,2010,0.364
9100,PAPUA BARAT,2010,0.381
9100,PAPUA BARAT,2010,0.346
3200,JAWA BARAT,2010,0.298
1900,KEP. BANGKA BELITUNG,2010,0.314
3400,DI YOGYAKARTA,2010,0.404
9999,INDONESIA,2010,0.315
1600,SUMATERA SELATAN,2010,0.34
9100,PAPUA BARAT,2010,0.291
7400,SULAWESI TENGGARA,2010,0.413
7100,SULAWESI UTARA,2010,0.34
9400,PAPUA,2010,0.294
5200,NUSA TENGGARA BARAT,2010,0.396
1100,ACEH,2010,0.301
1100,ACEH,2010,0.261
6200,KALIMANTAN TENGAH,2010,0.298
9400,PAPUA,2010,0.408
7500,GORONTALO,2010,0.431
5200,NUSA TENGGARA BARAT,2010,0.444
8200,MALUKU UTARA,2010,0.29
7600,SULAWESI BARAT,2011,0.35
9100,PAPUA BARAT,2011,0.285
6300,KALIMANTAN SELATAN,2011,0.353
7500,GORONTALO,2011,0.4
8200,MALUKU UTARA,2011,0.289
7300,SULAWESI SELATAN,2011,0.356
2100,KEP. RIAU,2011,0.382
1800,LAMPUNG,2011,0.322
1900,KEP. BANGKA BELITUNG,2011,0.284
8200,MALUKU UTARA,2011,0.334
7400,SULAWESI TENGGARA,2011,0.367
1700,BENGKULU,2011,0.332
2100,KEP. RIAU,2011,0.379
3400,DI YOGYAKARTA,2011,0.358
7300,SULAWESI SELATAN,2011,0.427
6300,KALIMANTAN SELATAN,2011,0.387
1400,RIAU,2011,0.329
7300,SULAWESI SELATAN,2011,0.371
8200,MALUKU UTARA,2011,0.28
3200,JAWA BARAT,2011,0.316
7600,SULAWESI BARAT,2011,0.313
3600,BANTEN,2011,0.404
2100,KEP. RIAU,2011,0.312
8100,MALUKU,2011,0.402
1200,SUMATERA UTARA,2011,0.347
1600,SUMATERA SELATAN,2011,0.34
6400,KALIMANTAN TIMUR,2011,0.323
5100,BALI,2011,0.407
1800,LAMPUNG,2011,0.321
9999,INDONESIA,2011,0.329
1100,ACEH,2011,0.269
5300,NUSA TENGGARA TIMUR,2011,0.33
7100,SULAWESI UTARA,2011,0.296
6400,KALIMANTAN TIMUR,2011,0.366
3600,BANTEN,2011,0.388
1800,LAMPUNG,2011,0.366
1900,KEP. BANGKA BELITUNG,2011,0.301
6300,KALIMANTAN SELATAN,2011,0.307
3500,JAWA TIMUR,2011,0.374
1100,ACEH,2011,0.28
1900,KEP. BANGKA BELITUNG,2011,0.32
3100,DKI JAKARTA,2011,0.438
1700,BENGKULU,2011,0.34
6400,KALIMANTAN TIMUR,2011,0.333
6100,KALIMANTAN BARAT,2011,0.336
1600,SUMATERA SELATAN,2011,0.342
1900,KEP. BANGKA BELITUNG,2011,0.314
7100,SULAWESI UTARA,2011,0.386
3200,JAWA BARAT,2011,0.411
1500,JAMBI,2011,0.324
8200,MALUKU UTARA,2011,0.316
1600,SUMATERA SELATAN,2011,0.365
1400,RIAU,2011,0.324
3100,DKI JAKARTA,2011,0.402
7600,SULAWESI BARAT,2011,0.413
1400,RIAU,2011,0.378
1300,SUMATERA BARAT,2011,0.332
7200,SULAWESI TENGAH,2011,0.389
5100,BALI,2011,0.387
1700,BENGKULU,2011,0.402
6200,KALIMANTAN TENGAH,2011,0.338
8100,MALUKU,2011,0.412
7200,SULAWESI TENGAH,2011,0.388
7300,SULAWESI SELATAN,2011,0.405
3200,JAWA BARAT,2011,0.38
9999,INDONESIA,2011,0.422
9100,PAPUA BARAT,2011,0.379
5300,NUSA TENGGARA TIMUR,2011,0.365
3500,JAWA TIMUR,2011,0.387
5100,BALI,2011,0.384
9100,PAPUA BARAT,2011,0.416
7100,SULAWESI UTARA,2011,0.358
3200,JAWA BARAT,2011,0.422
6300,KALIMANTAN SELATAN,2011,0.358
5200,NUSA TENGGARA BARAT,2011,0.336
1100,ACEH,2011,0.326
8100,MALUKU,2011,0.337
1600,SUMATERA SELATAN,2011,0.401
6400,KALIMANTAN TIMUR,2011,0.299
6400,KALIMANTAN TIMUR,2011,0.375
3400,DI YOGYAKARTA,2011,0.387
9400,PAPUA,2011,0.384
7400,SULAWESI TENGGARA,2011,0.406
3400,DI YOGYAKARTA,2011,0.423
7200,SULAWESI TENGAH,2011,0.349
7400,SULAWESI TENGGARA,2011,0.363
3300,JAWA TENGAH,2011,0.357
1300,SUMATERA BARAT,2011,0.349
3300,JAWA TENGAH,2011,0.324
1700,BENGKULU,2011,0.36
6100,KALIMANTAN BARAT,2011,0.401
7400,SULAWESI TENGGARA,2011,0.389
8100,MALUKU,2011,0.356
8100,MALUKU,2011,0.34
8100,MALUKU,2011,0.389
9999,INDONESIA,2011,0.396
9999,INDONESIA,2011,0.41
7600,SULAWESI BARAT,2011,0.342
3400,DI YOGYAKARTA,2011,0.401
7600,SULAWESI BARAT,2011,0.371
3300,JAWA TENGAH,2011,0.414
6100,KALIMANTAN BARAT,2011,0.417
3500,JAWA TIMUR,2011,0.303
5300,NUSA TENGGARA TIMUR,2011,0.312
7200,SULAWESI TENGAH,2011,0.376
9100,PAPUA BARAT,2011,0.335
1700,BENGKULU,2011,0.386
7500,GORONTALO,2011,0.458
3100,DKI JAKARTA,2011,0.438
3100,DKI JAKARTA,2011,0.402
7300,SULAWESI SELATAN,2011,0.442
3300,JAWA TENGAH,2011,0.335
7400,SULAWESI TENGGARA,2011,0.373
1500,JAMBI,2011,0.34
1900,KEP. BANGKA BELITUNG,2011,0.339
1300,SUMATERA BARAT,2011,0.353
3600,BANTEN,2011,0.295
6200,KALIMANTAN TENGAH,2011,0.317
7400,SULAWESI TENGGARA,2011,0.413
1400,RIAU,2011,0.332
9400,PAPUA,2011,0.342
7500,GORONTALO,2011,0.384
5200,NUSA TENGGARA BARAT,2011,0.396
7300,SULAWESI SELATAN,2011,0.395
5100,BALI,2011,0.328
1400,RIAU,2011,0.296
3400,DI YOGYAKARTA,2011,0.39
1100,ACEH,2011,0.37
6200,KALIMANTAN TENGAH,2011,0.339
1500,JAMBI,2011,0.349
8200,MALUKU UTARA,2011,0.343
1300,SUMATERA BARAT,2011,0.353
7600,SULAWESI BARAT,2011,0.374
5100,BALI,2011,0.409
3600,BANTEN,2011,0.321
1400,RIAU,2011,0.363
8200,MALUKU UTARA,2011,0.292
3500,JAWA TIMUR,2011,0.358
7500,GORONTALO,2011,0.418
6100,KALIMANTAN BARAT,2011,0.363
1800,LAMPUNG,2011,0.34
6100,KALIMANTAN BARAT,2011,0.358
1100,ACEH,2011,0.326
6300,KALIMANTAN SELATAN,2011,0.324
7100,SULAWESI UTARA,2011,0.348
9400,PAPUA,2011,0.335
9100,PAPUA BARAT,2011,0.374
3500,JAWA TIMUR,2011,0.298
3200,JAWA BARAT,2011,0.39
2100,KEP. RIAU,2011,0.299
3200,JAWA BARAT,2011,0.297
6200,KALIMANTAN TENGAH,2011,0.32
9400,PAPUA,2011,0.419
6400,KALIMANTAN TIMUR,2011,0.296
2100,KEP. RIAU,2011,0.317
1100,ACEH,2011,0.353
5200,NUSA TENGGARA BARAT,2011,0.313
1500,JAMBI,2011,0.348
9100,PAPUA BARAT,2011,0.414
1600,SUMATERA SELATAN,2011,0.334
1500,JAMBI,2011,0.335
5300,NUSA TENGGARA TIMUR,2011,0.335
5100,BALI,2011,0.337
1300,SUMATERA BARAT,2011,0.326
7500,GORONTALO,2011,0.459
9400,PAPUA,2011,0.378
9999,INDONESIA,2011,0.388
7500,GORONTALO,2011,0.396
3400,DI YOGYAKARTA,2011,0.418
1600,SUMATERA SELATAN,2011,0.416
6200,KALIMANTAN TENGAH,2011,0.353
7100,SULAWESI UTARA,2011,0.401
6200,KALIMANTAN TENGAH,2011,0.334
6300,KALIMANTAN SELATAN,2011,0.37
1900,KEP. BANGKA BELITUNG,2011,0.297
6100,KALIMANTAN BARAT,2011,0.376
1200,SUMATERA UTARA,2011,0.305
1200,SUMATERA UTARA,2011,0.306
3300,JAWA TENGAH,2011,0.383
1700,BENGKULU,2011,0.372
9999,INDONESIA,2011,0.34
1200,SUMATERA UTARA,2011,0.289
5300,NUSA TENGGARA TIMUR,2011,0.285
3600,BANTEN,2011,0.394
7100,SULAWESI UTARA,2011,0.382
9400,PAPUA,2011,0.306
1200,SUMATERA UTARA,2011,0.361
1200,SUMATERA UTARA,2011,0.319
1800,LAMPUNG,2011,0.309
5300,NUSA TENGGARA TIMUR,2011,0.357
1500,JAMBI,2011,0.348
1300,SUMATERA BARAT,2011,0.298
5200,NUSA TENGGARA BARAT,2011,0.366
5200,NUSA TENGGARA BARAT,2011,0.38
5200,NUSA TENGGARA BARAT,2011,0.363
3600,BANTEN,2011,0.404
1800,LAMPUNG,2011,0.373
3300,JAWA TENGAH,2011,0.372
3500,JAWA TIMUR,2011,0.351
2100,KEP. RIAU,2011,0.31
7200,SULAWESI TENGAH,2011,0.307
7200,SULAWESI TENGAH,2011,0.455
7400,SULAWESI TENGGARA,2012,0.417
3200,JAWA BARAT,2012,0.296
3200,JAWA BARAT,2012,0.431
6400,KALIMANTAN TIMUR,2012,0.352
1900,KEP. BANGKA BELITUNG,2012,0.31
6100,KALIMANTAN BARAT,2012,0.321
7100,SULAWESI UTARA,2012,0.434
1500,JAMBI,2012,0.345
9999,INDONESIA,2012,0.413
1900,KEP. BANGKA BELITUNG,2012,0.3
1100,ACEH,2012,0.407
3400,DI YOGYAKARTA,2012,0.451
7500,GORONTALO,2012,0.413
1300,SUMATERA BARAT,2012,0.38
7100,SULAWESI UTARA,2012,0.455
1800,LAMPUNG,2012,0.32
9999,INDONESIA,2012,0.425
7500,GORONTALO,2012,0.419
1900,KEP. BANGKA BELITUNG,2012,0.311
7300,SULAWESI SELATAN,2012,0.378
7600,SULAWESI BARAT,2012,0.28
6100,KALIMANTAN BARAT,2012,0.308
8200,MALUKU UTARA,2012,0.287
1700,BENGKULU,2012,0.39
8200,MALUKU UTARA,2012,0.251
8200,MALUKU UTARA,2012,0.282
7100,SULAWESI UTARA,2012,0.383
1800,LAMPUNG,2012,0.358
7200,SULAWESI TENGAH,2012,0.398
6400,KALIMANTAN TIMUR,2012,0.362
1400,RIAU,2012,0.414
7100,SULAWESI UTARA,2012,0.427
7200,SULAWESI TENGAH,2012,0.399
1200,SUMATERA UTARA,2012,0.351
2100,KEP. RIAU,2012,0.393
1400,RIAU,2012,0.404
6400,KALIMANTAN TIMUR,2012,0.363
7100,SULAWESI UTARA,2012,0.43
1600,SUMATERA SELATAN,2012,0.415
7300,SULAWESI SELATAN,2012,0.41
1200,SUMATERA UTARA,2012,0.318
1100,ACEH,2012,0.32
1500,JAMBI,2012,0.364
1700,BENGKULU,2012,0.322
3300,JAWA TENGAH,2012,0.372
9100,PAPUA BARAT,2012,0.362
5100,BALI,2012,0.342
7500,GORONTALO,2012,0.439
1500,JAMBI,2012,0.322
3400,DI YOGYAKARTA,2012,0.434
6300,KALIMANTAN SELATAN,2012,0.378
3300,JAWA TENGAH,2012,0.383
3300,JAWA TENGAH,2012,0.391
6200,KALIMANTAN TENGAH,2012,0.287
1200,SUMATERA UTARA,2012,0.332
6100,KALIMANTAN BARAT,2012,0.434
9100,PAPUA BARAT,2012,0.341
1700,BENGKULU,2012,0.317
1300,SUMATERA BARAT,2012,0.36
5300,NUSA TENGGARA TIMUR,2012,0.384
5100,BALI,2012,0.431
3100,DKI JAKARTA,2012,0.437
3600,BANTEN,2012,0.381
9400,PAPUA,2012,0.372
3200,JAWA BARAT,2012,0.422
5200,NUSA TENGGARA BARAT,2012,0.291
5100,BALI,2012,0.397
9400,PAPUA,2012,0.439
6300,KALIMANTAN SELATAN,2012,0.374
3500,JAWA TIMUR,2012,0.273
9400,PAPUA,2012,0.392
7200,SULAWESI TENGAH,2012,0.4
1300,SUMATERA BARAT,2012,0.321
3200,JAWA BARAT,2012,0.412
3200,JAWA BARAT,2012,0.423
2100,KEP. RIAU,2012,0.397
6300,KALIMANTAN SELATAN,2012,0.309
1800,LAMPUNG,2012,0.396
5300,NUSA TENGGARA TIMUR,2012,0.379
7500,GORONTALO,2012,0.365
1200,SUMATERA UTARA,2012,0.294
1700,BENGKULU,2012,0.354
1300,SUMATERA BARAT,2012,0.355
8100,MALUKU,2012,0.328
3600,BANTEN,2012,0.384
2100,KEP. RIAU,2012,0.328
8200,MALUKU UTARA,2012,0.327
5100,BALI,2012,0.459
1500,JAMBI,2012,0.359
7400,SULAWESI TENGGARA,2012,0.36
6400,KALIMANTAN TIMUR,2012,0.3
1600,SUMATERA SELATAN,2012,0.341
7600,SULAWESI BARAT,2012,0.335
1400,RIAU,2012,0.355
1700,BENGKULU,2012,0.36
3600,BANTEN,2012,0.387
9100,PAPUA BARAT,2012,0.407
7200,SULAWESI TENGAH,2012,0.387
1200,SUMATERA UTARA,2012,0.334
9100,PAPUA BARAT,2012,0.357
5300,NUSA TENGGARA TIMUR,2012,0.356
1100,ACEH,2012,0.337
8200,MALUKU UTARA,2012,0.306
1200,SUMATERA UTARA,2012,0.331
8200,MALUKU UTARA,2012,0.338
6400,KALIMANTAN TIMUR,2012,0.353
3100,DKI JAKARTA,2012,0.437
9999,INDONESIA,2012,0.425
6200,KALIMANTAN TENGAH,2012,0.279
7200,SULAWESI TENGAH,2012,0.337
9100,PAPUA BARAT,2012,0.425
1300,SUMATERA BARAT,2012,0.331
1700,BENGKULU,2012,0.391
3400,DI YOGYAKARTA,2012,0.449
5300,NUSA TENGGARA TIMUR,2012,0.289
7300,SULAWESI SELATAN,2012,0.418
1300,SUMATERA BARAT,2012,0.364
9100,PAPUA BARAT,2012,0.42
7500,GORONTALO,2012,0.437
7600,SULAWESI BARAT,2012,0.315
7600,SULAWESI BARAT,2012,0.276
7400,SULAWESI TENGGARA,2012,0.404
6200,KALIMANTAN TENGAH,2012,0.37
9999,INDONESIA,2012,0.33
5200,NUSA TENGGARA BARAT,2012,0.348
6200,KALIMANTAN TENGAH,2012,0.333
1500,JAMBI,2012,0.402
5100,BALI,2012,0.398
8100,MALUKU,2012,0.373
3400,DI YOGYAKARTA,2012,0.382
1100,ACEH,2012,0.341
7500,GORONTALO,2012,0.398
8100,MALUKU,2012,0.344
1100,ACEH,2012,0.26
7600,SULAWESI BARAT,2012,0.354
6200,KALIMANTAN TENGAH,2012,0.367
5100,BALI,2012,0.346
7300,SULAWESI SELATAN,2012,0.378
1600,SUMATERA SELATAN,2012,0.448
5200,NUSA TENGGARA BARAT,2012,0.389
1900,KEP. BANGKA BELITUNG,2012,0.272
5200,NUSA TENGGARA BARAT,2012,0.312
9400,PAPUA,2012,0.384
3300,JAWA TENGAH,2012,0.319
3400,DI YOGYAKARTA,2012,0.435
1400,RIAU,2012,0.396
1400,RIAU,2012,0.332
6300,KALIMANTAN SELATAN,2012,0.364
5300,NUSA TENGGARA TIMUR,2012,0.358
6100,KALIMANTAN BARAT,2012,0.395
5300,NUSA TENGGARA TIMUR,2012,0.285
6100,KALIMANTAN BARAT,2012,0.381
8100,MALUKU,2012,0.382
7200,SULAWESI TENGAH,2012,0.359
7400,SULAWESI TENGGARA,2012,0.403
8100,MALUKU,2012,0.383
8100,MALUKU,2012,0.387
1900,KEP. BANGKA BELITUNG,2012,0.285
9400,PAPUA,2012,0.446
3600,BANTEN,2012,0.303
9999,INDONESIA,2012,0.41
3100,DKI JAKARTA,2012,0.421
9999,INDONESIA,2012,0.327
1900,KEP. BANGKA BELITUNG,2012,0.294
7400,SULAWESI TENGGARA,2012,0.404
1600,SUMATERA SELATAN,2012,0.331
3300,JAWA TENGAH,2012,0.409
2100,KEP. RIAU,2012,0.349
3400,DI YOGYAKARTA,2012,0.392
1400,RIAU,2012,0.383
1800,LAMPUNG,2012,0.318
9400,PAPUA,2012,0.389
3500,JAWA TIMUR,2012,0.384
6300,KALIMANTAN SELATAN,2012,0.404
7300,SULAWESI SELATAN,2012,0.407
6200,KALIMANTAN TENGAH,2012,0.332
6300,KALIMANTAN SELATAN,2012,0.309
3500,JAWA TIMUR,2012,0.357
3100,DKI JAKARTA,2012,0.421
2100,KEP. RIAU,2012,0.354
3200,JAWA BARAT,2012,0.293
7100,SULAWESI UTARA,2012,0.364
7400,SULAWESI TENGGARA,2012,0.358
1600,SUMATERA SELATAN,2012,0.396
5200,NUSA TENGGARA BARAT,2012,0.354
1800,LAMPUNG,2012,0.356
3600,BANTEN,2012,0.387
7300,SULAWESI SELATAN,2012,0.42
2100,KEP. RIAU,2012,0.315
3600,BANTEN,2012,0.308
1600,SUMATERA SELATAN,2012,0.397
3500,JAWA TIMUR,2012,0.385
3300,JAWA TENGAH,2012,0.323
3500,JAWA TIMUR,2012,0.362
6400,KALIMANTAN TIMUR,2012,0.309
3500,JAWA TIMUR,2012,0.268
1800,LAMPUNG,2012,0.357
7600,SULAWESI BARAT,2012,0.449
6100,KALIMANTAN BARAT,2012,0.442
5200,NUSA TENGGARA BARAT,2012,0.39
1500,JAMBI,2012,0.317
1100,ACEH,2012,0.271
8100,MALUKU,2013,0.356
6200,KALIMANTAN TENGAH,2013,0.358
6300,KALIMANTAN SELATAN,2013,0.356
7100,SULAWESI UTARA,2013,0.425
2100,KEP. RIAU,2013,0.362
7300,SULAWESI SELATAN,2013,0.429
1800,LAMPUNG,2013,0.42
9999,INDONESIA,2013,0.406
7400,SULAWESI TENGGARA,2013,0.391
7500,GORONTALO,2013,0.443
3400,DI YOGYAKARTA,2013,0.349
7400,SULAWESI TENGGARA,2013,0.332
6100,KALIMANTAN BARAT,2013,0.323
7200,SULAWESI TENGAH,2013,0.325
1500,JAMBI,2013,0.347
6400,KALIMANTAN TIMUR,2013,0.369
8200,MALUKU UTARA,2013,0.266
8200,MALUKU UTARA,2013,0.293
5100,BALI,2013,0.44
3200,JAWA BARAT,2013,0.423
6200,KALIMANTAN TENGAH,2013,0.403
9100,PAPUA BARAT,2013,0.388
6100,KALIMANTAN BARAT,2013,0.439
6400,KALIMANTAN TIMUR,2013,0.371
3300,JAWA TENGAH,2013,0.421
3100,DKI JAKARTA,2013,0.433
1200,SUMATERA UTARA,2013,0.328
7100,SULAWESI UTARA,2013,0.422
1600,SUMATERA SELATAN,2013,0.383
1700,BENGKULU,2013,0.386
1600,SUMATERA SELATAN,2013,0.41
1800,LAMPUNG,2013,0.356
3600,BANTEN,2013,0.399
9400,PAPUA,2013,0.426
1900,KEP. BANGKA BELITUNG,2013,0.268
7500,GORONTALO,2013,0.441
1100,ACEH,2013,0.341
1700,BENGKULU,2013,0.337
3500,JAWA TIMUR,2013,0.386
7300,SULAWESI SELATAN,2013,0.457
1800,LAMPUNG,2013,0.291
1900,KEP. BANGKA BELITUNG,2013,0.307
7600,SULAWESI BARAT,2013,0.324
3400,DI YOGYAKARTA,2013,0.416
5200,NUSA TENGGARA BARAT,2013,0.398
7400,SULAWESI TENGGARA,2013,0.426
1600,SUMATERA SELATAN,2013,0.318
2100,KEP. RIAU,2013,0.305
1800,LAMPUNG,2013,0.292
1600,SUMATERA SELATAN,2013,0.409
3600,BANTEN,2013,0.287
1300,SUMATERA BARAT,2013,0.351
5100,BALI,2013,0.441
1500,JAMBI,2013,0.327
7500,GORONTALO,2013,0.445
1500,JAMBI,2013,0.296
9999,INDONESIA,2013,0.431
5100,BALI,2013,0.403
9400,PAPUA,2013,0.409
6300,KALIMANTAN SELATAN,2013,0.265
5300,NUSA TENGGARA TIMUR,2013,0.255
7600,SULAWESI BARAT,2013,0.428
1100,ACEH,2013,0.331
3500,JAWA TIMUR,2013,0.387
7300,SULAWESI SELATAN,2013,0.365
1400,RIAU,2013,0.323
7600,SULAWESI BARAT,2013,0.349
1700,BENGKULU,2013,0.411
1200,SUMATERA UTARA,2013,0.305
1900,KEP. BANGKA BELITUNG,2013,0.325
7500,GORONTALO,2013,0.385
5200,NUSA TENGGARA BARAT,2013,0.398
1100,ACEH,2013,0.382
8200,MALUKU UTARA,2013,0.318
9400,PAPUA,2013,0.442
9400,PAPUA,2013,0.441
7100,SULAWESI UTARA,2013,0.475
6100,KALIMANTAN BARAT,2013,0.384
7100,SULAWESI UTARA,2013,0.385
7200,SULAWESI TENGAH,2013,0.434
1100,ACEH,2013,0.256
3300,JAWA TENGAH,2013,0.387
3400,DI YOGYAKARTA,2013,0.42
7400,SULAWESI TENGGARA,2013,0.409
1700,BENGKULU,2013,0.372
1800,LAMPUNG,2013,0.412
9100,PAPUA BARAT,2013,0.391
3500,JAWA TIMUR,2013,0.285
3100,DKI JAKARTA,2013,0.433
6400,KALIMANTAN TIMUR,2013,0.361
5300,NUSA TENGGARA TIMUR,2013,0.268
3400,DI YOGYAKARTA,2013,0.45
5300,NUSA TENGGARA TIMUR,2013,0.344
1700,BENGKULU,2013,0.326
6300,KALIMANTAN SELATAN,2013,0.282
7600,SULAWESI BARAT,2013,0.295
1400,RIAU,2013,0.374
5100,BALI,2013,0.419
5300,NUSA TENGGARA TIMUR,2013,0.373
7500,GORONTALO,2013,0.428
6300,KALIMANTAN SELATAN,2013,0.402
7100,SULAWESI UTARA,2013,0.446
1200,SUMATERA UTARA,2013,0.354
1500,JAMBI,2013,0.383
3400,DI YOGYAKARTA,2013,0.343
1100,ACEH,2013,0.254
1400,RIAU,2013,0.437
7200,SULAWESI TENGAH,2013,0.351
6100,KALIMANTAN BARAT,2013,0.302
6400,KALIMANTAN TIMUR,2013,0.279
8100,MALUKU,2013,0.321
1400,RIAU,2013,0.393
8100,MALUKU,2013,0.348
3600,BANTEN,2013,0.38
7600,SULAWESI BARAT,2013,0.308
1400,RIAU,2013,0.316
5100,BALI,2013,0.384
6200,KALIMANTAN TENGAH,2013,0.3
7200,SULAWESI TENGAH,2013,0.407
7300,SULAWESI SELATAN,2013,0.443
3200,JAWA BARAT,2013,0.271
1300,SUMATERA BARAT,2013,0.363
9100,PAPUA BARAT,2013,0.431
3300,JAWA TENGAH,2013,0.404
9100,PAPUA BARAT,2013,0.364
1800,LAMPUNG,2013,0.356
1300,SUMATERA BARAT,2013,0.383
9999,INDONESIA,2013,0.413
3500,JAWA TIMUR,2013,0.368
9999,INDONESIA,2013,0.32
3600,BANTEN,2013,0.376
1500,JAMBI,2013,0.313
3300,JAWA TENGAH,2013,0.39
5100,BALI,2013,0.302
7200,SULAWESI TENGAH,2013,0.391
8200,MALUKU UTARA,2013,0.255
6300,KALIMANTAN SELATAN,2013,0.359
6100,KALIMANTAN BARAT,2013,0.446
6200,KALIMANTAN TENGAH,2013,0.35
9400,PAPUA,2013,0.354
1100,ACEH,2013,0.404
3300,JAWA TENGAH,2013,0.359
5200,NUSA TENGGARA BARAT,2013,0.364
1500,JAMBI,2013,0.348
6300,KALIMANTAN SELATAN,2013,0.386
6200,KALIMANTAN TENGAH,2013,0.284
7400,SULAWESI TENGGARA,2013,0.368
7300,SULAWESI SELATAN,2013,0.432
9999,INDONESIA,2013,0.424
7400,SULAWESI TENGGARA,2013,0.459
5200,NUSA TENGGARA BARAT,2013,0.349
5300,NUSA TENGGARA TIMUR,2013,0.36
3500,JAWA TIMUR,2013,0.364
5200,NUSA TENGGARA BARAT,2013,0.281
1300,SUMATERA BARAT,2013,0.309
9100,PAPUA BARAT,2013,0.418
3200,JAWA BARAT,2013,0.299
9400,PAPUA,2013,0.367
3100,DKI JAKARTA,2013,0.404
3400,DI YOGYAKARTA,2013,0.439
1200,SUMATERA UTARA,2013,0.281
1300,SUMATERA BARAT,2013,0.288
7100,SULAWESI UTARA,2013,0.38
1600,SUMATERA SELATAN,2013,0.375
3200,JAWA BARAT,2013,0.411
2100,KEP. RIAU,2013,0.359
8200,MALUKU UTARA,2013,0.32
1900,KEP. BANGKA BELITUNG,2013,0.239
8100,MALUKU,2013,0.286
2100,KEP. RIAU,2013,0.307
3500,JAWA TIMUR,2013,0.309
6400,KALIMANTAN TIMUR,2013,0.283
1200,SUMATERA UTARA,2013,0.386
7200,SULAWESI TENGAH,2013,0.445
1700,BENGKULU,2013,0.432
1900,KEP. BANGKA BELITUNG,2013,0.313
5300,NUSA TENGGARA TIMUR,2013,0.352
3300,JAWA TENGAH,2013,0.32
7600,SULAWESI BARAT,2013,0.375
6400,KALIMANTAN TIMUR,2013,0.366
1300,SUMATERA BARAT,2013,0.397
3200,JAWA BARAT,2013,0.424
1200,SUMATERA UTARA,2013,0.355
9999,INDONESIA,2013,0.324
8100,MALUKU,2013,0.37
8200,MALUKU UTARA,2013,0.282
3100,DKI JAKARTA,2013,0.404
8100,MALUKU,2013,0.347
9100,PAPUA BARAT,2013,0.402
7300,SULAWESI SELATAN,2013,0.374
3600,BANTEN,2013,0.402
7500,GORONTALO,2013,0.437
2100,KEP. RIAU,2013,0.379
6200,KALIMANTAN TENGAH,2013,0.42
3600,BANTEN,2013,0.276
2100,KEP. RIAU,2013,0.38
1400,RIAU,2013,0.398
1600,SUMATERA SELATAN,2013,0.329
3200,JAWA BARAT,2013,0.406
1900,KEP. BANGKA BELITUNG,2013,0.353
5200,NUSA TENGGARA BARAT,2013,0.323
6100,KALIMANTAN BARAT,2013,0.396
1900,KEP. BANGKA BELITUNG,2014,0.313
1800,LAMPUNG,2014,0.29
3400,DI YOGYAKARTA,2014,0.299
7400,SULAWESI TENGGARA,2014,0.454
1500,JAMBI,2014,0.342
8100,MALUKU,2014,0.31
3600,BANTEN,2014,0.294
6300,KALIMANTAN SELATAN,2014,0.338
3500,JAWA TIMUR,2014,0.339
5200,NUSA TENGGARA BARAT,2014,0.306
8200,MALUKU UTARA,2014,0.325
7500,GORONTALO,2014,0.445
3100,DKI JAKARTA,2014,0.436
3500,JAWA TIMUR,2014,0.31
1600,SUMATERA SELATAN,2014,0.399
7500,GORONTALO,2014,0.453
7300,SULAWESI SELATAN,2014,0.373
8100,MALUKU,2014,0.307
9999,INDONESIA,2014,0.428
7600,SULAWESI BARAT,2014,0.352
7400,SULAWESI TENGGARA,2014,0.399
1400,RIAU,2014,0.276
7600,SULAWESI BARAT,2014,0.428
1400,RIAU,2014,0.353
1600,SUMATERA SELATAN,2014,0.316
9400,PAPUA,2014,0.459
7400,SULAWESI TENGGARA,2014,0.426
3500,JAWA TIMUR,2014,0.403
3400,DI YOGYAKARTA,2014,0.419
7300,SULAWESI SELATAN,2014,0.429
1200,SUMATERA UTARA,2014,0.321
7400,SULAWESI TENGGARA,2014,0.409
3600,BANTEN,2014,0.28
3200,JAWA BARAT,2014,0.433
1300,SUMATERA BARAT,2014,0.332
1500,JAMBI,2014,0.329
6300,KALIMANTAN SELATAN,2014,0.326
1900,KEP. BANGKA BELITUNG,2014,0.316
6300,KALIMANTAN SELATAN,2014,0.388
8200,MALUKU UTARA,2014,0.335
7100,SULAWESI UTARA,2014,0.464
1100,ACEH,2014,0.325
1800,LAMPUNG,2014,0.347
6100,KALIMANTAN BARAT,2014,0.402
7200,SULAWESI TENGAH,2014,0.406
5300,NUSA TENGGARA TIMUR,2014,0.355
9400,PAPUA,2014,0.384
6100,KALIMANTAN BARAT,2014,0.415
7200,SULAWESI TENGAH,2014,0.406
8200,MALUKU UTARA,2014,0.322
3300,JAWA TENGAH,2014,0.359
1100,ACEH,2014,0.259
7400,SULAWESI TENGGARA,2014,0.342
9100,PAPUA BARAT,2014,0.373
6300,KALIMANTAN SELATAN,2014,0.302
6100,KALIMANTAN BARAT,2014,0.423
9400,PAPUA,2014,0.4
1500,JAMBI,2014,0.314
2100,KEP. RIAU,2014,0.433
8200,MALUKU UTARA,2014,0.354
6100,KALIMANTAN BARAT,2014,0.317
9999,INDONESIA,2014,0.433
9999,INDONESIA,2014,0.336
1900,KEP. BANGKA BELITUNG,2014,0.273
7400,SULAWESI TENGGARA,2014,0.36
7100,SULAWESI UTARA,2014,0.366
6200,KALIMANTAN TENGAH,2014,0.419
9400,PAPUA,2014,0.331
3200,JAWA BARAT,2014,0.412
3600,BANTEN,2014,0.424
7200,SULAWESI TENGAH,2014,0.305
6300,KALIMANTAN SELATAN,2014,0.293
3100,DKI JAKARTA,2014,0.431
3300,JAWA TENGAH,2014,0.407
1100,ACEH,2014,0.38
7300,SULAWESI SELATAN,2014,0.436
3200,JAWA BARAT,2014,0.398
3400,DI YOGYAKARTA,2014,0.435
1900,KEP. BANGKA BELITUNG,2014,0.303
1600,SUMATERA SELATAN,2014,0.438
6100,KALIMANTAN BARAT,2014,0.391
2100,KEP. RIAU,2014,0.293
7200,SULAWESI TENGAH,2014,0.372
7500,GORONTALO,2014,0.409
6400,KALIMANTAN TIMUR,2014,0.295
7100,SULAWESI UTARA,2014,0.424
1800,LAMPUNG,2014,0.331
2100,KEP. RIAU,2014,0.404
8200,MALUKU UTARA,2014,0.264
6400,KALIMANTAN TIMUR,2014,0.361
1500,JAMBI,2014,0.316
3200,JAWA BARAT,2014,0.413
3300,JAWA TENGAH,2014,0.388
1300,SUMATERA BARAT,2014,0.28
1600,SUMATERA SELATAN,2014,0.317
3200,JAWA BARAT,2014,0.294
7500,GORONTALO,2014,0.412
5100,BALI,2014,0.415
1800,LAMPUNG,2014,0.283
1300,SUMATERA BARAT,2014,0.338
9100,PAPUA BARAT,2014,0.391
9100,PAPUA BARAT,2014,0.405
5300,NUSA TENGGARA TIMUR,2014,0.279
7500,GORONTALO,2014,0.444
3600,BANTEN,2014,0.395
5200,NUSA TENGGARA BARAT,2014,0.377
3100,DKI JAKARTA,2014,0.436
9999,INDONESIA,2014,0.406
1700,BENGKULU,2014,0.381
1200,SUMATERA UTARA,2014,0.31
6400,KALIMANTAN TIMUR,2014,0.348
6200,KALIMANTAN TENGAH,2014,0.327
1100,ACEH,2014,0.358
8100,MALUKU,2014,0.338
7500,GORONTALO,2014,0.392
7600,SULAWESI BARAT,2014,0.378
3500,JAWA TIMUR,2014,0.369
3500,JAWA TIMUR,2014,0.428
3400,DI YOGYAKARTA,2014,0.444
5200,NUSA TENGGARA BARAT,2014,0.307
7200,SULAWESI TENGAH,2014,0.352
7600,SULAWESI BARAT,2014,0.329
7600,SULAWESI BARAT,2014,0.344
1200,SUMATERA UTARA,2014,0.329
7100,SULAWESI UTARA,2014,0.353
8100,MALUKU,2014,0.293
9100,PAPUA BARAT,2014,0.439
1300,SUMATERA BARAT,2014,0.334
2100,KEP. RIAU,2014,0.437
9100,PAPUA BARAT,2014,0.437
9999,INDONESIA,2014,0.414
1500,JAMBI,2014,0.348
1800,LAMPUNG,2014,0.38
8100,MALUKU,2014,0.33
1800,LAMPUNG,2014,0.4
5200,NUSA TENGGARA BARAT,2014,0.426
1200,SUMATERA UTARA,2014,0.282
5200,NUSA TENGGARA BARAT,2014,0.445
3300,JAWA TENGAH,2014,0.334
6200,KALIMANTAN TENGAH,2014,0.397
9400,PAPUA,2014,0.35
9999,INDONESIA,2014,0.319
5100,BALI,2014,0.315
7100,SULAWESI UTARA,2014,0.452
5300,NUSA TENGGARA TIMUR,2014,0.377
3200,JAWA BARAT,2014,0.301
2100,KEP. RIAU,2014,0.31
1300,SUMATERA BARAT,2014,0.295
5300,NUSA TENGGARA TIMUR,2014,0.355
1700,BENGKULU,2014,0.305
5100,BALI,2014,0.429
1500,JAMBI,2014,0.321
1200,SUMATERA UTARA,2014,0.274
1100,ACEH,2014,0.337
8200,MALUKU UTARA,2014,0.264
6200,KALIMANTAN TENGAH,2014,0.365
7300,SULAWESI SELATAN,2014,0.448
5100,BALI,2014,0.337
6200,KALIMANTAN TENGAH,2014,0.35
7100,SULAWESI UTARA,2014,0.436
1900,KEP. BANGKA BELITUNG,2014,0.252
1900,KEP. BANGKA BELITUNG,2014,0.295
1400,RIAU,2014,0.389
1600,SUMATERA SELATAN,2014,0.381
1600,SUMATERA SELATAN,2014,0.399
2100,KEP. RIAU,2014,0.402
3300,JAWA TENGAH,2014,0.376
1200,SUMATERA UTARA,2014,0.346
3400,DI YOGYAKARTA,2014,0.444
3500,JAWA TIMUR,2014,0.391
3600,BANTEN,2014,0.401
1400,RIAU,2014,0.379
7300,SULAWESI SELATAN,2014,0.429
9100,PAPUA BARAT,2014,0.355
5100,BALI,2014,0.449
5200,NUSA TENGGARA BARAT,2014,0.391
8100,MALUKU,2014,0.351
1400,RIAU,2014,0.405
5100,BALI,2014,0.442
3100,DKI JAKARTA,2014,0.431
6400,KALIMANTAN TIMUR,2014,0.336
1300,SUMATERA BARAT,2014,0.354
5300,NUSA TENGGARA TIMUR,2014,0.345
1400,RIAU,2014,0.324
5300,NUSA TENGGARA TIMUR,2014,0.281
6400,KALIMANTAN TIMUR,2014,0.362
7300,SULAWESI SELATAN,2014,0.425
1700,BENGKULU,2014,0.355
1700,BENGKULU,2014,0.33
1700,BENGKULU,2014,0.356
3600,BANTEN,2014,0.435
7200,SULAWESI TENGAH,2014,0.283
1700,BENGKULU,2014,0.404
6100,KALIMANTAN BARAT,2014,0.356
6400,KALIMANTAN TIMUR,2014,0.287
3400,DI YOGYAKARTA,2014,0.378
7600,SULAWESI BARAT,2014,0.349
6200,KALIMANTAN TENGAH,2014,0.287
6300,KALIMANTAN SELATAN,2014,0.359
3300,JAWA TENGAH,2014,0.402
1100,ACEH,2014,0.277
9400,PAPUA,2014,0.408
6300,KALIMANTAN SELATAN,2015,0.299
6200,KALIMANTAN TENGAH,2015,0.293
5300,NUSA TENGGARA TIMUR,2015,0.339
1100,ACEH,2015,0.367
5300,NUSA TENGGARA TIMUR,2015,0.288
1900,KEP. BANGKA BELITUNG,2015,0.275
7500,GORONTALO,2015,0.401
8200,MALUKU UTARA,2015,0.282
6300,KALIMANTAN SELATAN,2015,0.374
6400,KALIMANTAN TIMUR,2015,0.313
7600,SULAWESI BARAT,2015,0.348
1700,BENGKULU,2015,0.338
1100,ACEH,2015,0.334
1500,JAMBI,2015,0.344
1100,ACEH,2015,0.368
3500,JAWA TIMUR,2015,0.327
7100,SULAWESI UTARA,2015,0.356
3100,DKI JAKARTA,2015,0.421
8200,MALUKU UTARA,2015,0.286
1600,SUMATERA SELATAN,2015,0.334
6300,KALIMANTAN SELATAN,2015,0.353
7100,SULAWESI UTARA,2015,0.368
7300,SULAWESI SELATAN,2015,0.386
6500,KALIMANTAN UTARA,2015,0.294
7400,SULAWESI TENGGARA,2015,0.355
1600,SUMATERA SELATAN,2015,0.354
3200,JAWA BARAT,2015,0.316
3400,DI YOGYAKARTA,2015,0.428
1100,ACEH,2015,0.292
3300,JAWA TENGAH,2015,0.382
5100,BALI,2015,0.35
1800,LAMPUNG,2015,0.399
1100,ACEH,2015,0.339
1800,LAMPUNG,2015,0.403
9400,PAPUA,2015,0.387
6200,KALIMANTAN TENGAH,2015,0.3
3600,BANTEN,2015,0.411
7100,SULAWESI UTARA,2015,0.366
7200,SULAWESI TENGAH,2015,0.374
9999,INDONESIA,2015,0.419
1400,RIAU,2015,0.328
8200,MALUKU UTARA,2015,0.256
6100,KALIMANTAN BARAT,2015,0.334
8100,MALUKU,2015,0.328
5200,NUSA TENGGARA BARAT,2015,0.368
7300,SULAWESI SELATAN,2015,0.404
7400,SULAWESI TENGGARA,2015,0.411
1300,SUMATERA BARAT,2015,0.304
3600,BANTEN,2015,0.269
3400,DI YOGYAKARTA,2015,0.433
7300,SULAWESI SELATAN,2015,0.424
1600,SUMATERA SELATAN,2015,0.314
9400,PAPUA,2015,0.38
5100,BALI,2015,0.377
3100,DKI JAKARTA,2015,0.421
2100,KEP. RIAU,2015,0.283
5200,NUSA TENGGARA BARAT,2015,0.36
7500,GORONTALO,2015,0.423
1500,JAMBI,2015,0.354
1300,SUMATERA BARAT,2015,0.342
6300,KALIMANTAN SELATAN,2015,0.334
7300,SULAWESI SELATAN,2015,0.346
7100,SULAWESI UTARA,2015,0.345
2100,KEP. RIAU,2015,0.364
9400,PAPUA,2015,0.421
9100,PAPUA BARAT,2015,0.476
3300,JAWA TENGAH,2015,0.42
9999,INDONESIA,2015,0.334
7400,SULAWESI TENGGARA,2015,0.414
5100,BALI,2015,0.399
1400,RIAU,2015,0.366
1700,BENGKULU,2015,0.405
1400,RIAU,2015,0.385
5300,NUSA TENGGARA TIMUR,2015,0.332
8200,MALUKU UTARA,2015,0.28
1900,KEP. BANGKA BELITUNG,2015,0.291
5100,BALI,2015,0.382
1700,BENGKULU,2015,0.371
5200,NUSA TENGGARA BARAT,2015,0.342
6200,KALIMANTAN TENGAH,2015,0.366
1200,SUMATERA UTARA,2015,0.332
7600,SULAWESI BARAT,2015,0.362
9100,PAPUA BARAT,2015,0.44
9999,INDONESIA,2015,0.428
3600,BANTEN,2015,0.401
2100,KEP. RIAU,2015,0.339
7400,SULAWESI TENGGARA,2015,0.381
6200,KALIMANTAN TENGAH,2015,0.326
3100,DKI JAKARTA,2015,0.431
7200,SULAWESI TENGAH,2015,0.329
3200,JAWA BARAT,2015,0.415
6300,KALIMANTAN SELATAN,2015,0.377
6500,KALIMANTAN UTARA,2015,0.27
7200,SULAWESI TENGAH,2015,0.425
5200,NUSA TENGGARA BARAT,2015,0.333
1500,JAMBI,2015,0.381
8200,MALUKU UTARA,2015,0.263
1900,KEP. BANGKA BELITUNG,2015,0.263
6500,KALIMANTAN UTARA,2015,0.298
1300,SUMATERA BARAT,2015,0.325
1200,SUMATERA UTARA,2015,0.326
1700,BENGKULU,2015,0.376
2100,KEP. RIAU,2015,0.361
3200,JAWA BARAT,2015,0.433
6400,KALIMANTAN TIMUR,2015,0.316
2100,KEP. RIAU,2015,0.333
5100,BALI,2015,0.406
5200,NUSA TENGGARA BARAT,2015,0.399
7100,SULAWESI UTARA,2015,0.324
7200,SULAWESI TENGAH,2015,0.303
3600,BANTEN,2015,0.39
6100,KALIMANTAN BARAT,2015,0.301
1900,KEP. BANGKA BELITUNG,2015,0.284
1500,JAMBI,2015,0.339
6400,KALIMANTAN TIMUR,2015,0.315
3600,BANTEN,2015,0.386
5300,NUSA TENGGARA TIMUR,2015,0.348
6500,KALIMANTAN UTARA,2015,0.282
3400,DI YOGYAKARTA,2015,0.334
1900,KEP. BANGKA BELITUNG,2015,0.283
7600,SULAWESI BARAT,2015,0.395
1700,BENGKULU,2015,0.345
3300,JAWA TENGAH,2015,0.382
3400,DI YOGYAKARTA,2015,0.332
1300,SUMATERA BARAT,2015,0.319
7300,SULAWESI SELATAN,2015,0.421
1200,SUMATERA UTARA,2015,0.36
2100,KEP. RIAU,2015,0.293
3300,JAWA TENGAH,2015,0.326
6200,KALIMANTAN TENGAH,2015,0.268
9400,PAPUA,2015,0.339
6500,KALIMANTAN UTARA,2015,0.322
8100,MALUKU,2015,0.307
3500,JAWA TIMUR,2015,0.415
8100,MALUKU,2015,0.323
6400,KALIMANTAN TIMUR,2015,0.293
7100,SULAWESI UTARA,2015,0.386
1600,SUMATERA SELATAN,2015,0.286
3200,JAWA BARAT,2015,0.446
3500,JAWA TIMUR,2015,0.428
3200,JAWA BARAT,2015,0.426
8200,MALUKU UTARA,2015,0.315
6300,KALIMANTAN SELATAN,2015,0.282
5200,NUSA TENGGARA BARAT,2015,0.376
6500,KALIMANTAN UTARA,2015,0.314
3300,JAWA TENGAH,2015,0.344
9400,PAPUA,2015,0.392
7500,GORONTALO,2015,0.369
1800,LAMPUNG,2015,0.345
1300,SUMATERA BARAT,2015,0.358
9999,INDONESIA,2015,0.402
7400,SULAWESI TENGGARA,2015,0.369
6100,KALIMANTAN BARAT,2015,0.361
7500,GORONTALO,2015,0.391
7600,SULAWESI BARAT,2015,0.383
9999,INDONESIA,2015,0.408
1500,JAMBI,2015,0.361
3500,JAWA TIMUR,2015,0.442
9100,PAPUA BARAT,2015,0.343
1200,SUMATERA UTARA,2015,0.336
1200,SUMATERA UTARA,2015,0.296
3500,JAWA TIMUR,2015,0.344
5300,NUSA TENGGARA TIMUR,2015,0.301
8100,MALUKU,2015,0.338
3400,DI YOGYAKARTA,2015,0.42
1200,SUMATERA UTARA,2015,0.285
3600,BANTEN,2015,0.261
1400,RIAU,2015,0.364
6100,KALIMANTAN BARAT,2015,0.286
7600,SULAWESI BARAT,2015,0.363
3300,JAWA TENGAH,2015,0.402
3100,DKI JAKARTA,2015,0.431
1600,SUMATERA SELATAN,2015,0.36
1900,KEP. BANGKA BELITUNG,2015,0.259
9100,PAPUA BARAT,2015,0.461
1800,LAMPUNG,2015,0.352
1400,RIAU,2015,0.33
8100,MALUKU,2015,0.34
6400,KALIMANTAN TIMUR,2015,0.273
1700,BENGKULU,2015,0.398
9100,PAPUA BARAT,2015,0.428
1800,LAMPUNG,2015,0.313
1400,RIAU,2015,0.392
9400,PAPUA,2015,0.347
1800,LAMPUNG,2015,0.376
7500,GORONTALO,2015,0.42
7500,GORONTALO,2015,0.366
3500,JAWA TIMUR,2015,0.403
5300,NUSA TENGGARA TIMUR,2015,0.303
7200,SULAWESI TENGAH,2015,0.415
6200,KALIMANTAN TENGAH,2015,0.34
3400,DI YOGYAKARTA,2015,0.443
9100,PAPUA BARAT,2015,0.349
7300,SULAWESI SELATAN,2015,0.38
1500,JAMBI,2015,0.319
5100,BALI,2015,0.332
7600,SULAWESI BARAT,2015,0.339
8100,MALUKU,2015,0.312
1600,SUMATERA SELATAN,2015,0.39
7400,SULAWESI TENGGARA,2015,0.399
6100,KALIMANTAN BARAT,2015,0.354
6400,KALIMANTAN TIMUR,2015,0.319
1300,SUMATERA BARAT,2015,0.28
9999,INDONESIA,2015,0.329
6100,KALIMANTAN BARAT,2015,0.33
1100,ACEH,2015,0.293
3200,JAWA BARAT,2015,0.31
7200,SULAWESI TENGAH,2015,0.37
1200,SUMATERA UTARA,2016,0.333
7300,SULAWESI SELATAN,2016,0.422
5300,NUSA TENGGARA TIMUR,2016,0.336
8100,MALUKU,2016,0.338
7200,SULAWESI TENGAH,2016,0.372
7600,SULAWESI BARAT,2016,0.347
3100,DKI JAKARTA,2016,0.411
9999,INDONESIA,2016,0.41
6300,KALIMANTAN SELATAN,2016,0.298
1400,RIAU,2016,0.347
1600,SUMATERA SELATAN,2016,0.348
3200,JAWA BARAT,2016,0.413
3300,JAWA TENGAH,2016,0.357
1800,LAMPUNG,2016,0.33
9100,PAPUA BARAT,2016,0.373
8200,MALUKU UTARA,2016,0.251
1800,LAMPUNG,2016,0.358
1400,RIAU,2016,0.368
7600,SULAWESI BARAT,2016,0.393
5200,NUSA TENGGARA BARAT,2016,0.306
5300,NUSA TENGGARA TIMUR,2016,0.317
1400,RIAU,2016,0.347
5100,BALI,2016,0.374
1300,SUMATERA BARAT,2016,0.331
7100,SULAWESI UTARA,2016,0.386
5200,NUSA TENGGARA BARAT,2016,0.365
7500,GORONTALO,2016,0.419
7400,SULAWESI TENGGARA,2016,0.388
3600,BANTEN,2016,0.394
7400,SULAWESI TENGGARA,2016,0.367
7500,GORONTALO,2016,0.402
7100,SULAWESI UTARA,2016,0.386
6300,KALIMANTAN SELATAN,2016,0.346
1700,BENGKULU,2016,0.296
1900,KEP. BANGKA BELITUNG,2016,0.275
7100,SULAWESI UTARA,2016,0.379
1100,ACEH,2016,0.362
9999,INDONESIA,2016,0.397
9999,INDONESIA,2016,0.409
7500,GORONTALO,2016,0.41
9999,INDONESIA,2016,0.327
1100,ACEH,2016,0.296
8200,MALUKU UTARA,2016,0.286
1600,SUMATERA SELATAN,2016,0.293
1800,LAMPUNG,2016,0.384
9400,PAPUA,2016,0.399
1300,SUMATERA BARAT,2016,0.267
3400,DI YOGYAKARTA,2016,0.343
6100,KALIMANTAN BARAT,2016,0.361
6100,KALIMANTAN BARAT,2016,0.341
1300,SUMATERA BARAT,2016,0.288
6400,KALIMANTAN TIMUR,2016,0.313
6400,KALIMANTAN TIMUR,2016,0.328
3400,DI YOGYAKARTA,2016,0.42
2100,KEP. RIAU,2016,0.346
1700,BENGKULU,2016,0.302
6400,KALIMANTAN TIMUR,2016,0.314
2100,KEP. RIAU,2016,0.264
7100,SULAWESI UTARA,2016,0.35
3400,DI YOGYAKARTA,2016,0.425
8200,MALUKU UTARA,2016,0.249
9400,PAPUA,2016,0.392
7300,SULAWESI SELATAN,2016,0.409
3400,DI YOGYAKARTA,2016,0.423
1200,SUMATERA UTARA,2016,0.319
7400,SULAWESI TENGGARA,2016,0.407
1600,SUMATERA SELATAN,2016,0.362
7300,SULAWESI SELATAN,2016,0.4
6500,KALIMANTAN UTARA,2016,0.304
1500,JAMBI,2016,0.313
1100,ACEH,2016,0.333
7600,SULAWESI BARAT,2016,0.441
3500,JAWA TIMUR,2016,0.333
6200,KALIMANTAN TENGAH,2016,0.33
3500,JAWA TIMUR,2016,0.433
5300,NUSA TENGGARA TIMUR,2016,0.33
7600,SULAWESI BARAT,2016,0.341
3600,BANTEN,2016,0.248
7200,SULAWESI TENGAH,2016,0.362
1800,LAMPUNG,2016,0.364
3100,DKI JAKARTA,2016,0.397
3100,DKI JAKARTA,2016,0.411
1900,KEP. BANGKA BELITUNG,2016,0.24
6200,KALIMANTAN TENGAH,2016,0.347
8100,MALUKU,2016,0.303
5200,NUSA TENGGARA BARAT,2016,0.317
8100,MALUKU,2016,0.313
3600,BANTEN,2016,0.392
2100,KEP. RIAU,2016,0.351
1500,JAMBI,2016,0.292
7200,SULAWESI TENGAH,2016,0.32
3200,JAWA BARAT,2016,0.402
1100,ACEH,2016,0.343
3500,JAWA TIMUR,2016,0.423
7500,GORONTALO,2016,0.414
3600,BANTEN,2016,0.402
3100,DKI JAKARTA,2016,0.397
1400,RIAU,2016,0.309
9400,PAPUA,2016,0.312
6300,KALIMANTAN SELATAN,2016,0.332
3500,JAWA TIMUR,2016,0.313
5100,BALI,2016,0.335
1400,RIAU,2016,0.309
7500,GORONTALO,2016,0.397
7400,SULAWESI TENGGARA,2016,0.395
3200,JAWA BARAT,2016,0.317
9400,PAPUA,2016,0.318
6300,KALIMANTAN SELATAN,2016,0.297
8100,MALUKU,2016,0.348
7400,SULAWESI TENGGARA,2016,0.402
9100,PAPUA BARAT,2016,0.357
1600,SUMATERA SELATAN,2016,0.373
3600,BANTEN,2016,0.399
2100,KEP. RIAU,2016,0.354
8100,MALUKU,2016,0.344
1900,KEP. BANGKA BELITUNG,2016,0.289
6200,KALIMANTAN TENGAH,2016,0.364
1200,SUMATERA UTARA,2016,0.312
1100,ACEH,2016,0.288
7300,SULAWESI SELATAN,2016,0.426
3300,JAWA TENGAH,2016,0.323
7600,SULAWESI BARAT,2016,0.364
3300,JAWA TENGAH,2016,0.381
6500,KALIMANTAN UTARA,2016,0.308
7200,SULAWESI TENGAH,2016,0.308
1300,SUMATERA BARAT,2016,0.353
9100,PAPUA BARAT,2016,0.326
1300,SUMATERA BARAT,2016,0.323
1700,BENGKULU,2016,0.354
1500,JAMBI,2016,0.377
1700,BENGKULU,2016,0.385
3500,JAWA TIMUR,2016,0.402
7500,GORONTALO,2016,0.392
3600,BANTEN,2016,0.264
3300,JAWA TENGAH,2016,0.313
5300,NUSA TENGGARA TIMUR,2016,0.281
6100,KALIMANTAN BARAT,2016,0.296
1700,BENGKULU,2016,0.405
7100,SULAWESI UTARA,2016,0.388
5300,NUSA TENGGARA TIMUR,2016,0.344
2100,KEP. RIAU,2016,0.352
3400,DI YOGYAKARTA,2016,0.423
1300,SUMATERA BARAT,2016,0.312
9400,PAPUA,2016,0.383
9100,PAPUA BARAT,2016,0.376
6100,KALIMANTAN BARAT,2016,0.373
6400,KALIMANTAN TIMUR,2016,0.315
3300,JAWA TENGAH,2016,0.366
6300,KALIMANTAN SELATAN,2016,0.351
1200,SUMATERA UTARA,2016,0.27
5100,BALI,2016,0.378
7200,SULAWESI TENGAH,2016,0.387
5100,BALI,2016,0.369
1900,KEP. BANGKA BELITUNG,2016,0.318
1700,BENGKULU,2016,0.357
1500,JAMBI,2016,0.349
3200,JAWA BARAT,2016,0.423
6200,KALIMANTAN TENGAH,2016,0.359
9100,PAPUA BARAT,2016,0.394
1900,KEP. BANGKA BELITUNG,2016,0.239
1600,SUMATERA SELATAN,2016,0.397
1500,JAMBI,2016,0.403
6200,KALIMANTAN TENGAH,2016,0.326
8200,MALUKU UTARA,2016,0.309
1800,LAMPUNG,2016,0.393
5200,NUSA TENGGARA BARAT,2016,0.359
3500,JAWA TIMUR,2016,0.402
1100,ACEH,2016,0.341
7100,SULAWESI UTARA,2016,0.355
7200,SULAWESI TENGAH,2016,0.347
3400,DI YOGYAKARTA,2016,0.334
9100,PAPUA BARAT,2016,0.401
2100,KEP. RIAU,2016,0.284
7600,SULAWESI BARAT,2016,0.371
8200,MALUKU UTARA,2016,0.326
9999,INDONESIA,2016,0.316
6400,KALIMANTAN TIMUR,2016,0.288
6200,KALIMANTAN TENGAH,2016,0.296
1900,KEP. BANGKA BELITUNG,2016,0.288
6500,KALIMANTAN UTARA,2016,0.3
6100,KALIMANTAN BARAT,2016,0.275
6500,KALIMANTAN UTARA,2016,0.28
5300,NUSA TENGGARA TIMUR,2016,0.362
6400,KALIMANTAN TIMUR,2016,0.314
5100,BALI,2016,0.329
1400,RIAU,2016,0.369
9999,INDONESIA,2016,0.394
9400,PAPUA,2016,0.39
6100,KALIMANTAN BARAT,2016,0.331
1600,SUMATERA SELATAN,2016,0.306
1500,JAMBI,2016,0.346
7400,SULAWESI TENGGARA,2016,0.352
1800,LAMPUNG,2016,0.311
5200,NUSA TENGGARA BARAT,2016,0.41
3300,JAWA TENGAH,2016,0.382
6500,KALIMANTAN UTARA,2016,0.305
7300,SULAWESI SELATAN,2016,0.367
1200,SUMATERA UTARA,2016,0.334
8200,MALUKU UTARA,2016,0.295
3200,JAWA BARAT,2016,0.412
6300,KALIMANTAN SELATAN,2016,0.363
5100,BALI,2016,0.366
5200,NUSA TENGGARA BARAT,2016,0.391
1200,SUMATERA UTARA,2016,0.282
3200,JAWA BARAT,2016,0.31
6500,KALIMANTAN UTARA,2016,0.268
8100,MALUKU,2016,0.327
7300,SULAWESI SELATAN,2016,0.34
1700,BENGKULU,2017,0.317
3500,JAWA TIMUR,2017,0.418
5200,NUSA TENGGARA BARAT,2017,0.413
5100,BALI,2017,0.325
6200,KALIMANTAN TENGAH,2017,0.343
6400,KALIMANTAN TIMUR,2017,0.34
7600,SULAWESI BARAT,2017,0.354
1500,JAMBI,2017,0.334
1200,SUMATERA UTARA,2017,0.365
3300,JAWA TENGAH,2017,0.365
1100,ACEH,2017,0.299
1600,SUMATERA SELATAN,2017,0.317
1300,SUMATERA BARAT,2017,0.309
1400,RIAU,2017,0.299
3200,JAWA BARAT,2017,0.412
3400,DI YOGYAKARTA,2017,0.435
1900,KEP. BANGKA BELITUNG,2017,0.303
1900,KEP. BANGKA BELITUNG,2017,0.219
2100,KEP. RIAU,2017,0.359
6300,KALIMANTAN SELATAN,2017,0.292
5200,NUSA TENGGARA BARAT,2017,0.371
1200,SUMATERA UTARA,2017,0.264
1900,KEP. BANGKA BELITUNG,2017,0.282
6100,KALIMANTAN BARAT,2017,0.356
6500,KALIMANTAN UTARA,2017,0.313
7100,SULAWESI UTARA,2017,0.346
7500,GORONTALO,2017,0.405
1100,ACEH,2017,0.334
1100,ACEH,2017,0.347
3300,JAWA TENGAH,2017,0.323
8200,MALUKU UTARA,2017,0.338
7600,SULAWESI BARAT,2017,0.299
7300,SULAWESI SELATAN,2017,0.444
7600,SULAWESI BARAT,2017,0.339
9100,PAPUA BARAT,2017,0.387
9999,INDONESIA,2017,0.407
3400,DI YOGYAKARTA,2017,0.447
1500,JAMBI,2017,0.295
6300,KALIMANTAN SELATAN,2017,0.365
3500,JAWA TIMUR,2017,0.442
7300,SULAWESI SELATAN,2017,0.407
7200,SULAWESI TENGAH,2017,0.345
1600,SUMATERA SELATAN,2017,0.361
1700,BENGKULU,2017,0.39
6100,KALIMANTAN BARAT,2017,0.327
3500,JAWA TIMUR,2017,0.396
9400,PAPUA,2017,0.395
1100,ACEH,2017,0.329
3600,BANTEN,2017,0.382
6200,KALIMANTAN TENGAH,2017,0.343
8100,MALUKU,2017,0.312
8100,MALUKU,2017,0.307
1600,SUMATERA SELATAN,2017,0.365
3500,JAWA TIMUR,2017,0.326
6500,KALIMANTAN UTARA,2017,0.298
5200,NUSA TENGGARA BARAT,2017,0.413
9999,INDONESIA,2017,0.404
6100,KALIMANTAN BARAT,2017,0.36
7400,SULAWESI TENGGARA,2017,0.404
7500,GORONTALO,2017,0.379
7100,SULAWESI UTARA,2017,0.394
3200,JAWA BARAT,2017,0.393
9400,PAPUA,2017,0.398
7400,SULAWESI TENGGARA,2017,0.358
1300,SUMATERA BARAT,2017,0.288
1800,LAMPUNG,2017,0.36
5300,NUSA TENGGARA TIMUR,2017,0.311
3400,DI YOGYAKARTA,2017,0.44
7300,SULAWESI SELATAN,2017,0.348
7300,SULAWESI SELATAN,2017,0.429
9100,PAPUA BARAT,2017,0.39
5200,NUSA TENGGARA BARAT,2017,0.378
3200,JAWA BARAT,2017,0.324
1200,SUMATERA UTARA,2017,0.342
2100,KEP. RIAU,2017,0.286
9999,INDONESIA,2017,0.32
1300,SUMATERA BARAT,2017,0.276
3200,JAWA BARAT,2017,0.403
6300,KALIMANTAN SELATAN,2017,0.358
6400,KALIMANTAN TIMUR,2017,0.333
1400,RIAU,2017,0.325
1800,LAMPUNG,2017,0.334
1500,JAMBI,2017,0.384
7600,SULAWESI BARAT,2017,0.424
9400,PAPUA,2017,0.397
6100,KALIMANTAN BARAT,2017,0.274
3200,JAWA BARAT,2017,0.399
1200,SUMATERA UTARA,2017,0.256
1700,BENGKULU,2017,0.349
6400,KALIMANTAN TIMUR,2017,0.33
8200,MALUKU UTARA,2017,0.277
3300,JAWA TENGAH,2017,0.383
3400,DI YOGYAKARTA,2017,0.317
7600,SULAWESI BARAT,2017,0.323
1700,BENGKULU,2017,0.351
1300,SUMATERA BARAT,2017,0.312
3600,BANTEN,2017,0.267
9100,PAPUA BARAT,2017,0.392
1600,SUMATERA SELATAN,2017,0.328
1200,SUMATERA UTARA,2017,0.335
5100,BALI,2017,0.384
7200,SULAWESI TENGAH,2017,0.367
7500,GORONTALO,2017,0.403
7100,SULAWESI UTARA,2017,0.405
7200,SULAWESI TENGAH,2017,0.309
3100,DKI JAKARTA,2017,0.413
5200,NUSA TENGGARA BARAT,2017,0.314
7200,SULAWESI TENGAH,2017,0.313
8100,MALUKU,2017,0.343
1800,LAMPUNG,2017,0.333
1600,SUMATERA SELATAN,2017,0.387
2100,KEP. RIAU,2017,0.279
2100,KEP. RIAU,2017,0.355
6200,KALIMANTAN TENGAH,2017,0.327
1700,BENGKULU,2017,0.379
3600,BANTEN,2017,0.379
7400,SULAWESI TENGGARA,2017,0.373
3600,BANTEN,2017,0.38
1600,SUMATERA SELATAN,2017,0.384
7500,GORONTALO,2017,0.398
7300,SULAWESI SELATAN,2017,0.41
3200,JAWA BARAT,2017,0.326
5100,BALI,2017,0.385
3400,DI YOGYAKARTA,2017,0.34
1900,KEP. BANGKA BELITUNG,2017,0.288
3500,JAWA TIMUR,2017,0.415
9999,INDONESIA,2017,0.32
7600,SULAWESI BARAT,2017,0.392
7100,SULAWESI UTARA,2017,0.389
1200,SUMATERA UTARA,2017,0.315
9999,INDONESIA,2017,0.391
7400,SULAWESI TENGGARA,2017,0.394
3100,DKI JAKARTA,2017,0.413
3300,JAWA TENGAH,2017,0.327
8200,MALUKU UTARA,2017,0.33
3100,DKI JAKARTA,2017,0.409
8200,MALUKU UTARA,2017,0.322
6500,KALIMANTAN UTARA,2017,0.294
6400,KALIMANTAN TIMUR,2017,0.298
9400,PAPUA,2017,0.407
6300,KALIMANTAN SELATAN,2017,0.347
8100,MALUKU,2017,0.333
1800,LAMPUNG,2017,0.297
1400,RIAU,2017,0.325
1300,SUMATERA BARAT,2017,0.336
8200,MALUKU UTARA,2017,0.317
3300,JAWA TENGAH,2017,0.386
1800,LAMPUNG,2017,0.301
1500,JAMBI,2017,0.335
5200,NUSA TENGGARA BARAT,2017,0.323
7300,SULAWESI SELATAN,2017,0.332
9100,PAPUA BARAT,2017,0.386
5300,NUSA TENGGARA TIMUR,2017,0.359
6100,KALIMANTAN BARAT,2017,0.285
1900,KEP. BANGKA BELITUNG,2017,0.236
5300,NUSA TENGGARA TIMUR,2017,0.309
7200,SULAWESI TENGAH,2017,0.379
6300,KALIMANTAN SELATAN,2017,0.347
5300,NUSA TENGGARA TIMUR,2017,0.359
8100,MALUKU,2017,0.29
7400,SULAWESI TENGGARA,2017,0.408
1900,KEP. BANGKA BELITUNG,2017,0.276
6500,KALIMANTAN UTARA,2017,0.308
5100,BALI,2017,0.302
9100,PAPUA BARAT,2017,0.349
6200,KALIMANTAN TENGAH,2017,0.31
5100,BALI,2017,0.382
2100,KEP. RIAU,2017,0.334
2100,KEP. RIAU,2017,0.327
6400,KALIMANTAN TIMUR,2017,0.28
1700,BENGKULU,2017,0.305
7100,SULAWESI UTARA,2017,0.396
7500,GORONTALO,2017,0.43
3500,JAWA TIMUR,2017,0.317
8100,MALUKU,2017,0.321
7100,SULAWESI UTARA,2017,0.355
6400,KALIMANTAN TIMUR,2017,0.323
7400,SULAWESI TENGGARA,2017,0.403
1100,ACEH,2017,0.329
6200,KALIMANTAN TENGAH,2017,0.37
6500,KALIMANTAN UTARA,2017,0.268
3600,BANTEN,2017,0.27
9999,INDONESIA,2017,0.393
3600,BANTEN,2017,0.381
1100,ACEH,2017,0.293
9400,PAPUA,2017,0.322
1400,RIAU,2017,0.343
5300,NUSA TENGGARA TIMUR,2017,0.365
1300,SUMATERA BARAT,2017,0.318
3400,DI YOGYAKARTA,2017,0.432
1800,LAMPUNG,2017,0.364
1500,JAMBI,2017,0.284
9100,PAPUA BARAT,2017,0.349
5300,NUSA TENGGARA TIMUR,2017,0.362
7200,SULAWESI TENGAH,2017,0.355
7500,GORONTALO,2017,0.417
1500,JAMBI,2017,0.379
1400,RIAU,2017,0.289
1400,RIAU,2017,0.353
6100,KALIMANTAN BARAT,2017,0.329
8200,MALUKU UTARA,2017,0.265
6500,KALIMANTAN UTARA,2017,0.296
6200,KALIMANTAN TENGAH,2017,0.303
9400,PAPUA,2017,0.302
3300,JAWA TENGAH,2017,0.365
5100,BALI,2017,0.379
6300,KALIMANTAN SELATAN,2017,0.285
3100,DKI JAKARTA,2017,0.409
2100,KEP. RIAU,2018,0.262
3100,DKI JAKARTA,2018,0.39
7500,GORONTALO,2018,0.397
1500,JAMBI,2018,0.295
7600,SULAWESI BARAT,2018,0.311
1500,JAMBI,2018,0.334
1300,SUMATERA BARAT,2018,0.262
1400,RIAU,2018,0.327
5100,BALI,2018,0.364
6400,KALIMANTAN TIMUR,2018,0.342
6500,KALIMANTAN UTARA,2018,0.278
1300,SUMATERA BARAT,2018,0.338
7300,SULAWESI SELATAN,2018,0.392
7600,SULAWESI BARAT,2018,0.421
3600,BANTEN,2018,0.283
3600,BANTEN,2018,0.385
7400,SULAWESI TENGGARA,2018,0.41
7200,SULAWESI TENGAH,2018,0.28
6400,KALIMANTAN TIMUR,2018,0.347
1700,BENGKULU,2018,0.394
7100,SULAWESI UTARA,2018,0.402
5300,NUSA TENGGARA TIMUR,2018,0.297
1300,SUMATERA BARAT,2018,0.28
3100,DKI JAKARTA,2018,0.394
9100,PAPUA BARAT,2018,0.391
3600,BANTEN,2018,0.362
3300,JAWA TENGAH,2018,0.377
1700,BENGKULU,2018,0.388
1900,KEP. BANGKA BELITUNG,2018,0.281
6400,KALIMANTAN TIMUR,2018,0.35
7300,SULAWESI SELATAN,2018,0.353
9400,PAPUA,2018,0.416
7400,SULAWESI TENGGARA,2018,0.42
7200,SULAWESI TENGAH,2018,0.331
2100,KEP. RIAU,2018,0.33
6100,KALIMANTAN BARAT,2018,0.35
3100,DKI JAKARTA,2018,0.39
1400,RIAU,2018,0.356
3200,JAWA BARAT,2018,0.322
3400,DI YOGYAKARTA,2018,0.441
5100,BALI,2018,0.381
7400,SULAWESI TENGGARA,2018,0.392
5300,NUSA TENGGARA TIMUR,2018,0.358
9999,INDONESIA,2018,0.324
1500,JAMBI,2018,0.308
6400,KALIMANTAN TIMUR,2018,0.287
7600,SULAWESI BARAT,2018,0.366
9400,PAPUA,2018,0.294
1200,SUMATERA UTARA,2018,0.257
1900,KEP. BANGKA BELITUNG,2018,0.272
8200,MALUKU UTARA,2018,0.345
8200,MALUKU UTARA,2018,0.328
7200,SULAWESI TENGAH,2018,0.317
6400,KALIMANTAN TIMUR,2018,0.297
8100,MALUKU,2018,0.314
6200,KALIMANTAN TENGAH,2018,0.295
7100,SULAWESI UTARA,2018,0.364
1200,SUMATERA UTARA,2018,0.272
7500,GORONTALO,2018,0.417
5200,NUSA TENGGARA BARAT,2018,0.343
6200,KALIMANTAN TENGAH,2018,0.387
3500,JAWA TIMUR,2018,0.322
5100,BALI,2018,0.31
3300,JAWA TENGAH,2018,0.357
1800,LAMPUNG,2018,0.338
5100,BALI,2018,0.317
6500,KALIMANTAN UTARA,2018,0.283
1300,SUMATERA BARAT,2018,0.321
9999,INDONESIA,2018,0.384
6500,KALIMANTAN UTARA,2018,0.304
6100,KALIMANTAN BARAT,2018,0.325
2100,KEP. RIAU,2018,0.333
6300,KALIMANTAN SELATAN,2018,0.344
7500,GORONTALO,2018,0.403
6200,KALIMANTAN TENGAH,2018,0.342
1700,BENGKULU,2018,0.318
9400,PAPUA,2018,0.312
6300,KALIMANTAN SELATAN,2018,0.279
8200,MALUKU UTARA,2018,0.277
9400,PAPUA,2018,0.384
1900,KEP. BANGKA BELITUNG,2018,0.238
2100,KEP. RIAU,2018,0.339
1100,ACEH,2018,0.285
7200,SULAWESI TENGAH,2018,0.307
8100,MALUKU,2018,0.343
7100,SULAWESI UTARA,2018,0.368
7300,SULAWESI SELATAN,2018,0.397
3500,JAWA TIMUR,2018,0.371
7200,SULAWESI TENGAH,2018,0.37
3300,JAWA TENGAH,2018,0.378
3400,DI YOGYAKARTA,2018,0.442
5300,NUSA TENGGARA TIMUR,2018,0.359
5200,NUSA TENGGARA BARAT,2018,0.422
3300,JAWA TENGAH,2018,0.336
9999,INDONESIA,2018,0.389
7600,SULAWESI BARAT,2018,0.37
6100,KALIMANTAN BARAT,2018,0.277
8100,MALUKU,2018,0.294
8100,MALUKU,2018,0.288
5100,BALI,2018,0.363
6500,KALIMANTAN UTARA,2018,0.303
1800,LAMPUNG,2018,0.346
1400,RIAU,2018,0.347
1900,KEP. BANGKA BELITUNG,2018,0.289
1900,KEP. BANGKA BELITUNG,2018,0.296
6300,KALIMANTAN SELATAN,2018,0.34
9400,PAPUA,2018,0.398
6500,KALIMANTAN UTARA,2018,0.307
9100,PAPUA BARAT,2018,0.331
1100,ACEH,2018,0.338
1600,SUMATERA SELATAN,2018,0.341
5200,NUSA TENGGARA BARAT,2018,0.391
8100,MALUKU,2018,0.291
9100,PAPUA BARAT,2018,0.394
3500,JAWA TIMUR,2018,0.375
8200,MALUKU UTARA,2018,0.266
3500,JAWA TIMUR,2018,0.379
3600,BANTEN,2018,0.367
1700,BENGKULU,2018,0.362
9999,INDONESIA,2018,0.319
7200,SULAWESI TENGAH,2018,0.346
6200,KALIMANTAN TENGAH,2018,0.344
7400,SULAWESI TENGGARA,2018,0.37
2100,KEP. RIAU,2018,0.289
7300,SULAWESI SELATAN,2018,0.388
7500,GORONTALO,2018,0.413
1400,RIAU,2018,0.379
2100,KEP. RIAU,2018,0.325
1400,RIAU,2018,0.288
5200,NUSA TENGGARA BARAT,2018,0.398
7300,SULAWESI SELATAN,2018,0.391
7100,SULAWESI UTARA,2018,0.349
3500,JAWA TIMUR,2018,0.327
1300,SUMATERA BARAT,2018,0.308
1100,ACEH,2018,0.273
1100,ACEH,2018,0.318
7600,SULAWESI BARAT,2018,0.335
3200,JAWA BARAT,2018,0.413
5200,NUSA TENGGARA BARAT,2018,0.333
3300,JAWA TENGAH,2018,0.315
1800,LAMPUNG,2018,0.294
9999,INDONESIA,2018,0.391
1200,SUMATERA UTARA,2018,0.335
3400,DI YOGYAKARTA,2018,0.422
3200,JAWA BARAT,2018,0.418
3600,BANTEN,2018,0.299
6300,KALIMANTAN SELATAN,2018,0.285
3300,JAWA TENGAH,2018,0.4
1700,BENGKULU,2018,0.355
3400,DI YOGYAKARTA,2018,0.35
6300,KALIMANTAN SELATAN,2018,0.357
1500,JAMBI,2018,0.335
1200,SUMATERA UTARA,2018,0.33
7500,GORONTALO,2018,0.39
6200,KALIMANTAN TENGAH,2018,0.318
9100,PAPUA BARAT,2018,0.424
8100,MALUKU,2018,0.326
6100,KALIMANTAN BARAT,2018,0.339
3400,DI YOGYAKARTA,2018,0.326
1900,KEP. BANGKA BELITUNG,2018,0.222
9400,PAPUA,2018,0.384
1100,ACEH,2018,0.325
3100,DKI JAKARTA,2018,0.394
1800,LAMPUNG,2018,0.367
6400,KALIMANTAN TIMUR,2018,0.342
1600,SUMATERA SELATAN,2018,0.381
3500,JAWA TIMUR,2018,0.387
5200,NUSA TENGGARA BARAT,2018,0.372
3200,JAWA BARAT,2018,0.405
7100,SULAWESI UTARA,2018,0.372
1600,SUMATERA SELATAN,2018,0.354
3200,JAWA BARAT,2018,0.315
6300,KALIMANTAN SELATAN,2018,0.365
1800,LAMPUNG,2018,0.317
7400,SULAWESI TENGGARA,2018,0.409
7300,SULAWESI SELATAN,2018,0.361
6100,KALIMANTAN BARAT,2018,0.278
9100,PAPUA BARAT,2018,0.427
1600,SUMATERA SELATAN,2018,0.296
1500,JAMBI,2018,0.351
1100,ACEH,2018,0.344
5300,NUSA TENGGARA TIMUR,2018,0.352
3200,JAWA BARAT,2018,0.407
7400,SULAWESI TENGGARA,2018,0.356
1700,BENGKULU,2018,0.316
1600,SUMATERA SELATAN,2018,0.358
8200,MALUKU UTARA,2018,0.336
3400,DI YOGYAKARTA,2018,0.421
1400,RIAU,2018,0.292
1300,SUMATERA BARAT,2018,0.305
1200,SUMATERA UTARA,2018,0.311
1500,JAMBI,2018,0.354
9999,INDONESIA,2018,0.401
3600,BANTEN,2018,0.386
5300,NUSA TENGGARA TIMUR,2018,0.327
5100,BALI,2018,0.377
1800,LAMPUNG,2018,0.326
6500,KALIMANTAN UTARA,2018,0.31
1600,SUMATERA SELATAN,2018,0.316
6200,KALIMANTAN TENGAH,2018,0.369
8200,MALUKU UTARA,2018,0.308
9100,PAPUA BARAT,2018,0.318
1200,SUMATERA UTARA,2018,0.318
7500,GORONTALO,2018,0.383
7100,SULAWESI UTARA,2018,0.394
5300,NUSA TENGGARA TIMUR,2018,0.351
6100,KALIMANTAN BARAT,2018,0.377
7600,SULAWESI BARAT,2018,0.451
5300,NUSA TENGGARA TIMUR,2019,0.343
8200,MALUKU UTARA,2019,0.312
6100,KALIMANTAN BARAT,2019,0.341
7500,GORONTALO,2019,0.41
7300,SULAWESI SELATAN,2019,0.391
1400,RIAU,2019,0.334
6200,KALIMANTAN TENGAH,2019,0.367
3300,JAWA TENGAH,2019,0.315
5300,NUSA TENGGARA TIMUR,2019,0.338
7600,SULAWESI BARAT,2019,0.317
6200,KALIMANTAN TENGAH,2019,0.372
2100,KEP. RIAU,2019,0.335
1200,SUMATERA UTARA,2019,0.262
7400,SULAWESI TENGGARA,2019,0.353
6500,KALIMANTAN UTARA,2019,0.292
3200,JAWA BARAT,2019,0.41
2100,KEP. RIAU,2019,0.262
1600,SUMATERA SELATAN,2019,0.339
3400,DI YOGYAKARTA,2019,0.326
1500,JAMBI,2019,0.321
7100,SULAWESI UTARA,2019,0.376
9400,PAPUA,2019,0.41
5100,BALI,2019,0.306
3300,JAWA TENGAH,2019,0.383
3600,BANTEN,2019,0.355
9999,INDONESIA,2019,0.38
3400,DI YOGYAKARTA,2019,0.43
8100,MALUKU,2019,0.289
1600,SUMATERA SELATAN,2019,0.311
3300,JAWA TENGAH,2019,0.361
3500,JAWA TIMUR,2019,0.318
1300,SUMATERA BARAT,2019,0.306
7400,SULAWESI TENGGARA,2019,0.393
3200,JAWA BARAT,2019,0.408
7200,SULAWESI TENGAH,2019,0.327
6400,KALIMANTAN TIMUR,2019,0.333
7400,SULAWESI TENGGARA,2019,0.406
1700,BENGKULU,2019,0.376
2100,KEP. RIAU,2019,0.341
8100,MALUKU,2019,0.286
6400,KALIMANTAN TIMUR,2019,0.338
1300,SUMATERA BARAT,2019,0.319
9400,PAPUA,2019,0.394
1800,LAMPUNG,2019,0.349
7600,SULAWESI BARAT,2019,0.365
2100,KEP. RIAU,2019,0.265
3400,DI YOGYAKARTA,2019,0.428
8100,MALUKU,2019,0.32
9400,PAPUA,2019,0.391
7600,SULAWESI BARAT,2019,0.32
8100,MALUKU,2019,0.324
1400,RIAU,2019,0.284
7200,SULAWESI TENGAH,2019,0.287
5300,NUSA TENGGARA TIMUR,2019,0.313
1100,ACEH,2019,0.344
8100,MALUKU,2019,0.3
6300,KALIMANTAN SELATAN,2019,0.279
7100,SULAWESI UTARA,2019,0.375
3200,JAWA BARAT,2019,0.319
6100,KALIMANTAN BARAT,2019,0.344
1700,BENGKULU,2019,0.329
8200,MALUKU UTARA,2019,0.31
6500,KALIMANTAN UTARA,2019,0.287
1900,KEP. BANGKA BELITUNG,2019,0.278
7600,SULAWESI BARAT,2019,0.365
1400,RIAU,2019,0.331
5100,BALI,2019,0.313
3500,JAWA TIMUR,2019,0.379
5200,NUSA TENGGARA BARAT,2019,0.401
9999,INDONESIA,2019,0.317
5200,NUSA TENGGARA BARAT,2019,0.374
5100,BALI,2019,0.37
1700,BENGKULU,2019,0.286
6200,KALIMANTAN TENGAH,2019,0.336
1800,LAMPUNG,2019,0.299
7300,SULAWESI SELATAN,2019,0.354
9100,PAPUA BARAT,2019,0.386
1900,KEP. BANGKA BELITUNG,2019,0.269
6200,KALIMANTAN TENGAH,2019,0.335
1200,SUMATERA UTARA,2019,0.315
1100,ACEH,2019,0.276
1200,SUMATERA UTARA,2019,0.337
1500,JAMBI,2019,0.346
7600,SULAWESI BARAT,2019,0.438
5100,BALI,2019,0.365
2100,KEP. RIAU,2019,0.338
1500,JAMBI,2019,0.29
3500,JAWA TIMUR,2019,0.314
3400,DI YOGYAKARTA,2019,0.423
7100,SULAWESI UTARA,2019,0.346
9999,INDONESIA,2019,0.392
7200,SULAWESI TENGAH,2019,0.33
3300,JAWA TENGAH,2019,0.379
1700,BENGKULU,2019,0.279
8100,MALUKU,2019,0.294
6400,KALIMANTAN TIMUR,2019,0.335
7500,GORONTALO,2019,0.392
7300,SULAWESI SELATAN,2019,0.393
3100,DKI JAKARTA,2019,0.394
1500,JAMBI,2019,0.287
2100,KEP. RIAU,2019,0.337
9400,PAPUA,2019,0.288
1100,ACEH,2019,0.351
7400,SULAWESI TENGGARA,2019,0.361
1600,SUMATERA SELATAN,2019,0.348
9999,INDONESIA,2019,0.315
8200,MALUKU UTARA,2019,0.31
7200,SULAWESI TENGAH,2019,0.335
7200,SULAWESI TENGAH,2019,0.339
7500,GORONTALO,2019,0.399
7500,GORONTALO,2019,0.407
7300,SULAWESI SELATAN,2019,0.345
3600,BANTEN,2019,0.361
6300,KALIMANTAN SELATAN,2019,0.353
1100,ACEH,2019,0.272
1500,JAMBI,2019,0.324
5200,NUSA TENGGARA BARAT,2019,0.333
1600,SUMATERA SELATAN,2019,0.355
5100,BALI,2019,0.37
1700,BENGKULU,2019,0.37
1900,KEP. BANGKA BELITUNG,2019,0.23
9100,PAPUA BARAT,2019,0.416
9999,INDONESIA,2019,0.382
3200,JAWA BARAT,2019,0.398
1300,SUMATERA BARAT,2019,0.265
1300,SUMATERA BARAT,2019,0.314
3300,JAWA TENGAH,2019,0.318
7100,SULAWESI UTARA,2019,0.346
7300,SULAWESI SELATAN,2019,0.389
1200,SUMATERA UTARA,2019,0.317
9999,INDONESIA,2019,0.391
7600,SULAWESI BARAT,2019,0.445
9100,PAPUA BARAT,2019,0.32
1300,SUMATERA BARAT,2019,0.267
6200,KALIMANTAN TENGAH,2019,0.297
7400,SULAWESI TENGGARA,2019,0.399
5100,BALI,2019,0.366
6500,KALIMANTAN UTARA,2019,0.29
6100,KALIMANTAN BARAT,2019,0.279
8200,MALUKU UTARA,2019,0.303
3100,DKI JAKARTA,2019,0.391
5200,NUSA TENGGARA BARAT,2019,0.379
1500,JAMBI,2019,0.351
9100,PAPUA BARAT,2019,0.381
6300,KALIMANTAN SELATAN,2019,0.358
9400,PAPUA,2019,0.409
7400,SULAWESI TENGGARA,2019,0.402
6500,KALIMANTAN UTARA,2019,0.285
1200,SUMATERA UTARA,2019,0.338
1900,KEP. BANGKA BELITUNG,2019,0.272
5300,NUSA TENGGARA TIMUR,2019,0.316
8200,MALUKU UTARA,2019,0.256
8200,MALUKU UTARA,2019,0.258
3200,JAWA BARAT,2019,0.318
3100,DKI JAKARTA,2019,0.391
1800,LAMPUNG,2019,0.346
3400,DI YOGYAKARTA,2019,0.328
9100,PAPUA BARAT,2019,0.325
1800,LAMPUNG,2019,0.331
7500,GORONTALO,2019,0.388
6500,KALIMANTAN UTARA,2019,0.284
1600,SUMATERA SELATAN,2019,0.302
1400,RIAU,2019,0.369
5300,NUSA TENGGARA TIMUR,2019,0.355
7300,SULAWESI SELATAN,2019,0.394
5200,NUSA TENGGARA BARAT,2019,0.407
3600,BANTEN,2019,0.365
7100,SULAWESI UTARA,2019,0.369
9400,PAPUA,2019,0.297
1300,SUMATERA BARAT,2019,0.307
1600,SUMATERA SELATAN,2019,0.331
1100,ACEH,2019,0.321
3500,JAWA TIMUR,2019,0.364
1800,LAMPUNG,2019,0.294
6300,KALIMANTAN SELATAN,2019,0.334
7100,SULAWESI UTARA,2019,0.367
9100,PAPUA BARAT,2019,0.419
6500,KALIMANTAN UTARA,2019,0.295
3200,JAWA BARAT,2019,0.402
6300,KALIMANTAN SELATAN,2019,0.282
6400,KALIMANTAN TIMUR,2019,0.33
6300,KALIMANTAN SELATAN,2019,0.334
6400,KALIMANTAN TIMUR,2019,0.283
1900,KEP. BANGKA BELITUNG,2019,0.223
3500,JAWA TIMUR,2019,0.37
3400,DI YOGYAKARTA,2019,0.424
1100,ACEH,2019,0.319
3100,DKI JAKARTA,2019,0.394
3600,BANTEN,2019,0.294
5300,NUSA TENGGARA TIMUR,2019,0.356
1900,KEP. BANGKA BELITUNG,2019,0.262
3600,BANTEN,2019,0.292
3300,JAWA TENGAH,2019,0.358
6100,KALIMANTAN BARAT,2019,0.281
3600,BANTEN,2019,0.36
5200,NUSA TENGGARA BARAT,2019,0.34
6200,KALIMANTAN TENGAH,2019,0.293
6100,KALIMANTAN BARAT,2019,0.318
7200,SULAWESI TENGAH,2019,0.292
6100,KALIMANTAN BARAT,2019,0.327
7500,GORONTALO,2019,0.393
1800,LAMPUNG,2019,0.329
6400,KALIMANTAN TIMUR,2019,0.289
1200,SUMATERA UTARA,2019,0.264
3500,JAWA TIMUR,2019,0.374
1400,RIAU,2019,0.278
1700,BENGKULU,2019,0.34
1400,RIAU,2019,0.37
7100,SULAWESI UTARA,2020,0.346
1900,KEP. BANGKA BELITUNG,2020,0.229
8100,MALUKU,2020,0.318
3100,DKI JAKARTA,2020,0.399
7600,SULAWESI BARAT,2020,0.364
9100,PAPUA BARAT,2020,0.412
6400,KALIMANTAN TIMUR,2020,0.286
1900,KEP. BANGKA BELITUNG,2020,0.257
7200,SULAWESI TENGAH,2020,0.334
6300,KALIMANTAN SELATAN,2020,0.276
9400,PAPUA,2020,0.416
9100,PAPUA BARAT,2020,0.382
5200,NUSA TENGGARA BARAT,2020,0.403
3500,JAWA TIMUR,2020,0.364
9999,INDONESIA,2020,0.393
6100,KALIMANTAN BARAT,2020,0.329
1700,BENGKULU,2020,0.381
5200,NUSA TENGGARA BARAT,2020,0.405
8100,MALUKU,2020,0.326
3500,JAWA TIMUR,2020,0.373
3400,DI YOGYAKARTA,2020,0.436
1100,ACEH,2020,0.319
3400,DI YOGYAKARTA,2020,0.437
1500,JAMBI,2020,0.289
7500,GORONTALO,2020,0.408
7200,SULAWESI TENGAH,2020,0.326
6500,KALIMANTAN UTARA,2020,0.3
7500,GORONTALO,2020,0.39
7600,SULAWESI BARAT,2020,0.356
7400,SULAWESI TENGGARA,2020,0.348
1100,ACEH,2020,0.36
7600,SULAWESI BARAT,2020,0.437
7400,SULAWESI TENGGARA,2020,0.403
5300,NUSA TENGGARA TIMUR,2020,0.356
8200,MALUKU UTARA,2020,0.308
1300,SUMATERA BARAT,2020,0.32
1200,SUMATERA UTARA,2020,0.338
9100,PAPUA BARAT,2020,0.414
1500,JAMBI,2020,0.32
3200,JAWA BARAT,2020,0.398
7300,SULAWESI SELATAN,2020,0.382
6400,KALIMANTAN TIMUR,2020,0.286
3100,DKI JAKARTA,2020,0.4
1100,ACEH,2020,0.281
1600,SUMATERA SELATAN,2020,0.31
1900,KEP. BANGKA BELITUNG,2020,0.276
3200,JAWA BARAT,2020,0.412
8200,MALUKU UTARA,2020,0.294
5100,BALI,2020,0.369
7500,GORONTALO,2020,0.391
1500,JAMBI,2020,0.287
7300,SULAWESI SELATAN,2020,0.352
3400,DI YOGYAKARTA,2020,0.439
6200,KALIMANTAN TENGAH,2020,0.357
5300,NUSA TENGGARA TIMUR,2020,0.354
7400,SULAWESI TENGGARA,2020,0.347
1600,SUMATERA SELATAN,2020,0.338
8100,MALUKU,2020,0.284
7600,SULAWESI BARAT,2020,0.321
7400,SULAWESI TENGGARA,2020,0.389
3100,DKI JAKARTA,2020,0.399
7600,SULAWESI BARAT,2020,0.436
3600,BANTEN,2020,0.363
6400,KALIMANTAN TIMUR,2020,0.335
1400,RIAU,2020,0.359
3600,BANTEN,2020,0.365
1200,SUMATERA UTARA,2020,0.336
1700,BENGKULU,2020,0.275
1900,KEP. BANGKA BELITUNG,2020,0.271
3200,JAWA BARAT,2020,0.325
6100,KALIMANTAN BARAT,2020,0.272
9400,PAPUA,2020,0.291
3300,JAWA TENGAH,2020,0.362
3500,JAWA TIMUR,2020,0.377
7100,SULAWESI UTARA,2020,0.344
2100,KEP. RIAU,2020,0.26
1300,SUMATERA BARAT,2020,0.305
8100,MALUKU,2020,0.295
8100,MALUKU,2020,0.285
3200,JAWA BARAT,2020,0.326
1600,SUMATERA SELATAN,2020,0.352
9100,PAPUA BARAT,2020,0.32
6300,KALIMANTAN SELATAN,2020,0.332
3300,JAWA TENGAH,2020,0.319
3300,JAWA TENGAH,2020,0.359
6200,KALIMANTAN TENGAH,2020,0.361
6500,KALIMANTAN UTARA,2020,0.285
7300,SULAWESI SELATAN,2020,0.384
7300,SULAWESI SELATAN,2020,0.384
6100,KALIMANTAN BARAT,2020,0.273
3600,BANTEN,2020,0.36
1500,JAMBI,2020,0.351
1800,LAMPUNG,2020,0.342
3300,JAWA TENGAH,2020,0.318
5300,NUSA TENGGARA TIMUR,2020,0.311
9999,INDONESIA,2020,0.385
7200,SULAWESI TENGAH,2020,0.321
1700,BENGKULU,2020,0.274
7200,SULAWESI TENGAH,2020,0.295
1200,SUMATERA UTARA,2020,0.314
9100,PAPUA BARAT,2020,0.376
1100,ACEH,2020,0.355
8200,MALUKU UTARA,2020,0.29
2100,KEP. RIAU,2020,0.26
6200,KALIMANTAN TENGAH,2020,0.289
6300,KALIMANTAN SELATAN,2020,0.277
1200,SUMATERA UTARA,2020,0.316
1200,SUMATERA UTARA,2020,0.258
5200,NUSA TENGGARA BARAT,2020,0.337
1800,LAMPUNG,2020,0.327
9999,INDONESIA,2020,0.381
6100,KALIMANTAN BARAT,2020,0.317
3400,DI YOGYAKARTA,2020,0.328
5100,BALI,2020,0.298
7300,SULAWESI SELATAN,2020,0.356
7400,SULAWESI TENGGARA,2020,0.388
1700,BENGKULU,2020,0.378
7500,GORONTALO,2020,0.406
3600,BANTEN,2020,0.296
1500,JAMBI,2020,0.346
1100,ACEH,2020,0.323
1500,JAMBI,2020,0.316
5100,BALI,2020,0.372
1700,BENGKULU,2020,0.323
6400,KALIMANTAN TIMUR,2020,0.328
1400,RIAU,2020,0.321
9999,INDONESIA,2020,0.317
7100,SULAWESI UTARA,2020,0.37
5300,NUSA TENGGARA TIMUR,2020,0.329
9100,PAPUA BARAT,2020,0.316
7100,SULAWESI UTARA,2020,0.371
1300,SUMATERA BARAT,2020,0.323
6100,KALIMANTAN BARAT,2020,0.325
6400,KALIMANTAN TIMUR,2020,0.33
3500,JAWA TIMUR,2020,0.316
1800,LAMPUNG,2020,0.295
6200,KALIMANTAN TENGAH,2020,0.329
2100,KEP. RIAU,2020,0.335
1300,SUMATERA BARAT,2020,0.257
6200,KALIMANTAN TENGAH,2020,0.32
7200,SULAWESI TENGAH,2020,0.334
7600,SULAWESI BARAT,2020,0.321
8100,MALUKU,2020,0.292
7100,SULAWESI UTARA,2020,0.368
5200,NUSA TENGGARA BARAT,2020,0.376
6400,KALIMANTAN TIMUR,2020,0.333
6500,KALIMANTAN UTARA,2020,0.278
6200,KALIMANTAN TENGAH,2020,0.29
1600,SUMATERA SELATAN,2020,0.358
1300,SUMATERA BARAT,2020,0.301
3600,BANTEN,2020,0.361
1700,BENGKULU,2020,0.334
9999,INDONESIA,2020,0.399
9999,INDONESIA,2020,0.319
6100,KALIMANTAN BARAT,2020,0.335
5200,NUSA TENGGARA BARAT,2020,0.386
3600,BANTEN,2020,0.296
8200,MALUKU UTARA,2020,0.271
8200,MALUKU UTARA,2020,0.266
1900,KEP. BANGKA BELITUNG,2020,0.262
2100,KEP. RIAU,2020,0.339
6300,KALIMANTAN SELATAN,2020,0.355
3400,DI YOGYAKARTA,2020,0.329
5200,NUSA TENGGARA BARAT,2020,0.336
1400,RIAU,2020,0.329
3200,JAWA BARAT,2020,0.403
3300,JAWA TENGAH,2020,0.385
1200,SUMATERA UTARA,2020,0.255
1400,RIAU,2020,0.273
1800,LAMPUNG,2020,0.32
3500,JAWA TIMUR,2020,0.366
9400,PAPUA,2020,0.392
2100,KEP. RIAU,2020,0.337
7200,SULAWESI TENGAH,2020,0.295
1800,LAMPUNG,2020,0.345
6500,KALIMANTAN UTARA,2020,0.279
7300,SULAWESI SELATAN,2020,0.389
1400,RIAU,2020,0.274
2100,KEP. RIAU,2020,0.334
1600,SUMATERA SELATAN,2020,0.308
5100,BALI,2020,0.369
3300,JAWA TENGAH,2020,0.386
5300,NUSA TENGGARA TIMUR,2020,0.334
6500,KALIMANTAN UTARA,2020,0.289
9400,PAPUA,2020,0.296
8200,MALUKU UTARA,2020,0.297
3400,DI YOGYAKARTA,2020,0.434
3200,JAWA BARAT,2020,0.409
1400,RIAU,2020,0.363
5100,BALI,2020,0.378
1300,SUMATERA BARAT,2020,0.256
9400,PAPUA,2020,0.395
7500,GORONTALO,2020,0.392
5300,NUSA TENGGARA TIMUR,2020,0.31
1800,LAMPUNG,2020,0.298
6300,KALIMANTAN SELATAN,2020,0.351
6500,KALIMANTAN UTARA,2020,0.292
5100,BALI,2020,0.304
7100,SULAWESI UTARA,2020,0.367
7400,SULAWESI TENGGARA,2020,0.404
3100,DKI JAKARTA,2020,0.4
7500,GORONTALO,2020,0.393
1100,ACEH,2020,0.283
1900,KEP. BANGKA BELITUNG,2020,0.22
9400,PAPUA,2020,0.414
1600,SUMATERA SELATAN,2020,0.339
3500,JAWA TIMUR,2020,0.318
6300,KALIMANTAN SELATAN,2020,0.343
3300,JAWA TENGAH,2021,0.368
1100,ACEH,2021,0.323
7200,SULAWESI TENGAH,2021,0.279
1100,ACEH,2021,0.357
6400,KALIMANTAN TIMUR,2021,0.288
1200,SUMATERA UTARA,2021,0.313
1600,SUMATERA SELATAN,2021,0.34
1800,LAMPUNG,2021,0.346
9400,PAPUA,2021,0.397
7300,SULAWESI SELATAN,2021,0.377
1800,LAMPUNG,2021,0.314
1900,KEP. BANGKA BELITUNG,2021,0.265
1600,SUMATERA SELATAN,2021,0.341
9999,INDONESIA,2021,0.381
7100,SULAWESI UTARA,2021,0.352
9999,INDONESIA,2021,0.384
1200,SUMATERA UTARA,2021,0.314
9999,INDONESIA,2021,0.401
9400,PAPUA,2021,0.301
9400,PAPUA,2021,0.307
6400,KALIMANTAN TIMUR,2021,0.281
9400,PAPUA,2021,0.419
7500,GORONTALO,2021,0.398
3400,DI YOGYAKARTA,2021,0.436
5300,NUSA TENGGARA TIMUR,2021,0.346
6300,KALIMANTAN SELATAN,2021,0.359
5200,NUSA TENGGARA BARAT,2021,0.331
6200,KALIMANTAN TENGAH,2021,0.284
6100,KALIMANTAN BARAT,2021,0.341
6500,KALIMANTAN UTARA,2021,0.292
3500,JAWA TIMUR,2021,0.324
7300,SULAWESI SELATAN,2021,0.382
1100,ACEH,2021,0.282
1200,SUMATERA UTARA,2021,0.257
6100,KALIMANTAN BARAT,2021,0.268
1500,JAMBI,2021,0.315
7400,SULAWESI TENGGARA,2021,0.39
5100,BALI,2021,0.379
9100,PAPUA BARAT,2021,0.38
3400,DI YOGYAKARTA,2021,0.448
6200,KALIMANTAN TENGAH,2021,0.353
2100,KEP. RIAU,2021,0.256
6400,KALIMANTAN TIMUR,2021,0.331
6100,KALIMANTAN BARAT,2021,0.315
1200,SUMATERA UTARA,2021,0.344
6100,KALIMANTAN BARAT,2021,0.313
1100,ACEH,2021,0.362
6500,KALIMANTAN UTARA,2021,0.284
3100,DKI JAKARTA,2021,0.409
9100,PAPUA BARAT,2021,0.374
6200,KALIMANTAN TENGAH,2021,0.323
1300,SUMATERA BARAT,2021,0.327
3200,JAWA BARAT,2021,0.417
1300,SUMATERA BARAT,2021,0.252
5300,NUSA TENGGARA TIMUR,2021,0.306
7600,SULAWESI BARAT,2021,0.326
1800,LAMPUNG,2021,0.288
8100,MALUKU,2021,0.25
6400,KALIMANTAN TIMUR,2021,0.339
1100,ACEH,2021,0.275
7300,SULAWESI SELATAN,2021,0.338
5100,BALI,2021,0.378
5300,NUSA TENGGARA TIMUR,2021,0.311
7300,SULAWESI SELATAN,2021,0.334
3500,JAWA TIMUR,2021,0.374
1400,RIAU,2021,0.276
1200,SUMATERA UTARA,2021,0.339
7200,SULAWESI TENGAH,2021,0.278
9400,PAPUA,2021,0.422
1900,KEP. BANGKA BELITUNG,2021,0.247
5200,NUSA TENGGARA BARAT,2021,0.381
7100,SULAWESI UTARA,2021,0.347
1500,JAMBI,2021,0.284
1300,SUMATERA BARAT,2021,0.306
7600,SULAWESI BARAT,2021,0.356
2100,KEP. RIAU,2021,0.339
6500,KALIMANTAN UTARA,2021,0.289
6500,KALIMANTAN UTARA,2021,0.272
7100,SULAWESI UTARA,2021,0.359
1400,RIAU,2021,0.367
3200,JAWA BARAT,2021,0.412
8200,MALUKU UTARA,2021,0.278
5100,BALI,2021,0.301
1100,ACEH,2021,0.324
3200,JAWA BARAT,2021,0.324
1700,BENGKULU,2021,0.384
3300,JAWA TENGAH,2021,0.324
1500,JAMBI,2021,0.288
2100,KEP. RIAU,2021,0.341
3300,JAWA TENGAH,2021,0.393
1400,RIAU,2021,0.327
1700,BENGKULU,2021,0.326
6300,KALIMANTAN SELATAN,2021,0.325
5300,NUSA TENGGARA TIMUR,2021,0.327
7500,GORONTALO,2021,0.397
3500,JAWA TIMUR,2021,0.387
3500,JAWA TIMUR,2021,0.364
1400,RIAU,2021,0.326
7400,SULAWESI TENGGARA,2021,0.411
3300,JAWA TENGAH,2021,0.325
3400,DI YOGYAKARTA,2021,0.441
7300,SULAWESI SELATAN,2021,0.392
6200,KALIMANTAN TENGAH,2021,0.356
7300,SULAWESI SELATAN,2021,0.387
7400,SULAWESI TENGGARA,2021,0.347
5100,BALI,2021,0.302
7100,SULAWESI UTARA,2021,0.365
5200,NUSA TENGGARA BARAT,2021,0.42
3100,DKI JAKARTA,2021,0.411
6100,KALIMANTAN BARAT,2021,0.267
3600,BANTEN,2021,0.363
5100,BALI,2021,0.387
9999,INDONESIA,2021,0.398
3400,DI YOGYAKARTA,2021,0.325
6300,KALIMANTAN SELATAN,2021,0.257
6300,KALIMANTAN SELATAN,2021,0.352
7400,SULAWESI TENGGARA,2021,0.394
1900,KEP. BANGKA BELITUNG,2021,0.215
5200,NUSA TENGGARA BARAT,2021,0.384
6400,KALIMANTAN TIMUR,2021,0.337
1800,LAMPUNG,2021,0.323
1600,SUMATERA SELATAN,2021,0.36
3400,DI YOGYAKARTA,2021,0.334
6400,KALIMANTAN TIMUR,2021,0.334
8200,MALUKU UTARA,2021,0.256
8100,MALUKU,2021,0.301
8100,MALUKU,2021,0.258
7400,SULAWESI TENGGARA,2021,0.402
7400,SULAWESI TENGGARA,2021,0.353
7200,SULAWESI TENGAH,2021,0.351
1700,BENGKULU,2021,0.321
5200,NUSA TENGGARA BARAT,2021,0.413
3300,JAWA TENGAH,2021,0.398
7600,SULAWESI BARAT,2021,0.446
7600,SULAWESI BARAT,2021,0.366
1800,LAMPUNG,2021,0.342
7600,SULAWESI BARAT,2021,0.451
1400,RIAU,2021,0.369
1700,BENGKULU,2021,0.264
3600,BANTEN,2021,0.365
7200,SULAWESI TENGAH,2021,0.326
1300,SUMATERA BARAT,2021,0.329
9999,INDONESIA,2021,0.315
1400,RIAU,2021,0.279
8200,MALUKU UTARA,2021,0.298
3500,JAWA TIMUR,2021,0.379
3200,JAWA BARAT,2021,0.321
9100,PAPUA BARAT,2021,0.322
1900,KEP. BANGKA BELITUNG,2021,0.259
7100,SULAWESI UTARA,2021,0.359
5200,NUSA TENGGARA BARAT,2021,0.332
1900,KEP. BANGKA BELITUNG,2021,0.256
7200,SULAWESI TENGAH,2021,0.316
6500,KALIMANTAN UTARA,2021,0.285
6200,KALIMANTAN TENGAH,2021,0.292
1700,BENGKULU,2021,0.258
1900,KEP. BANGKA BELITUNG,2021,0.221
3500,JAWA TIMUR,2021,0.319
1300,SUMATERA BARAT,2021,0.254
3600,BANTEN,2021,0.28
2100,KEP. RIAU,2021,0.253
1700,BENGKULU,2021,0.381
1600,SUMATERA SELATAN,2021,0.315
3600,BANTEN,2021,0.365
9100,PAPUA BARAT,2021,0.399
1200,SUMATERA UTARA,2021,0.25
3400,DI YOGYAKARTA,2021,0.443
5300,NUSA TENGGARA TIMUR,2021,0.339
9999,INDONESIA,2021,0.314
7500,GORONTALO,2021,0.408
3100,DKI JAKARTA,2021,0.411
8200,MALUKU UTARA,2021,0.295
6300,KALIMANTAN SELATAN,2021,0.265
1300,SUMATERA BARAT,2021,0.3
6200,KALIMANTAN TENGAH,2021,0.32
2100,KEP. RIAU,2021,0.337
7100,SULAWESI UTARA,2021,0.365
3200,JAWA BARAT,2021,0.423
8200,MALUKU UTARA,2021,0.265
6300,KALIMANTAN SELATAN,2021,0.33
5100,BALI,2021,0.375
8100,MALUKU,2021,0.302
7600,SULAWESI BARAT,2021,0.321
1600,SUMATERA SELATAN,2021,0.314
9100,PAPUA BARAT,2021,0.407
6100,KALIMANTAN BARAT,2021,0.337
9400,PAPUA,2021,0.396
2100,KEP. RIAU,2021,0.343
3100,DKI JAKARTA,2021,0.409
3300,JAWA TENGAH,2021,0.372
7500,GORONTALO,2021,0.409
7200,SULAWESI TENGAH,2021,0.343
9100,PAPUA BARAT,2021,0.313
1500,JAMBI,2021,0.354
8100,MALUKU,2021,0.314
7500,GORONTALO,2021,0.407
3200,JAWA BARAT,2021,0.406
1800,LAMPUNG,2021,0.288
5300,NUSA TENGGARA TIMUR,2021,0.322
1500,JAMBI,2021,0.321
3600,BANTEN,2021,0.278
1600,SUMATERA SELATAN,2021,0.363
3600,BANTEN,2021,0.369
1500,JAMBI,2021,0.347
6500,KALIMANTAN UTARA,2021,0.264
7500,GORONTALO,2021,0.39
8200,MALUKU UTARA,2021,0.3
8100,MALUKU,2021,0.316
3500,JAWA TIMUR,2022,0.322
1800,LAMPUNG,2022,0.284
6500,KALIMANTAN UTARA,2022,0.269
6300,KALIMANTAN SELATAN,2022,0.263
3300,JAWA TENGAH,2022,0.404
9400,PAPUA,2022,0.427
7500,GORONTALO,2022,0.395
7500,GORONTALO,2022,0.423
6500,KALIMANTAN UTARA,2022,0.272
1600,SUMATERA SELATAN,2022,0.339
1100,ACEH,2022,0.311
3200,JAWA BARAT,2022,0.427
3200,JAWA BARAT,2022,0.306
1700,BENGKULU,2022,0.315
3200,JAWA BARAT,2022,0.417
1800,LAMPUNG,2022,0.275
7300,SULAWESI SELATAN,2022,0.365
5100,BALI,2022,0.362
5100,BALI,2022,0.371
8200,MALUKU UTARA,2022,0.269
3300,JAWA TENGAH,2022,0.322
6500,KALIMANTAN UTARA,2022,0.269
7500,GORONTALO,2022,0.395
1400,RIAU,2022,0.293
9100,PAPUA BARAT,2022,0.411
8200,MALUKU UTARA,2022,0.3
6200,KALIMANTAN TENGAH,2022,0.285
1300,SUMATERA BARAT,2022,0.329
1600,SUMATERA SELATAN,2022,0.311
5200,NUSA TENGGARA BARAT,2022,0.373
3100,DKI JAKARTA,2022,0.423
6200,KALIMANTAN TENGAH,2022,0.332
5300,NUSA TENGGARA TIMUR,2022,0.334
6400,KALIMANTAN TIMUR,2022,0.32
8100,MALUKU,2022,0.301
7400,SULAWESI TENGGARA,2022,0.352
7400,SULAWESI TENGGARA,2022,0.387
7400,SULAWESI TENGGARA,2022,0.341
1900,KEP. BANGKA BELITUNG,2022,0.206
9400,PAPUA,2022,0.419
9999,INDONESIA,2022,0.384
7300,SULAWESI SELATAN,2022,0.378
1100,ACEH,2022,0.252
7300,SULAWESI SELATAN,2022,0.388
1100,ACEH,2022,0.327
7200,SULAWESI TENGAH,2022,0.305
6100,KALIMANTAN BARAT,2022,0.265
8100,MALUKU,2022,0.261
7100,SULAWESI UTARA,2022,0.354
9100,PAPUA BARAT,2022,0.436
3600,BANTEN,2022,0.384
7100,SULAWESI UTARA,2022,0.359
9999,INDONESIA,2022,0.314
1200,SUMATERA UTARA,2022,0.312
1700,BENGKULU,2022,0.262
3200,JAWA BARAT,2022,0.428
3300,JAWA TENGAH,2022,0.374
6300,KALIMANTAN SELATAN,2022,0.309
3400,DI YOGYAKARTA,2022,0.446
8200,MALUKU UTARA,2022,0.279
7600,SULAWESI BARAT,2022,0.371
5200,NUSA TENGGARA BARAT,2022,0.341
1300,SUMATERA BARAT,2022,0.247
3600,BANTEN,2022,0.266
1500,JAMBI,2022,0.32
9100,PAPUA BARAT,2022,0.302
1500,JAMBI,2022,0.292
1100,ACEH,2022,0.291
1400,RIAU,2022,0.35
1800,LAMPUNG,2022,0.352
5100,BALI,2022,0.294
2100,KEP. RIAU,2022,0.264
1500,JAMBI,2022,0.302
9400,PAPUA,2022,0.406
1700,BENGKULU,2022,0.371
5200,NUSA TENGGARA BARAT,2022,0.392
9999,INDONESIA,2022,0.402
1600,SUMATERA SELATAN,2022,0.311
3100,DKI JAKARTA,2022,0.412
7100,SULAWESI UTARA,2022,0.352
7100,SULAWESI UTARA,2022,0.355
7600,SULAWESI BARAT,2022,0.315
8100,MALUKU,2022,0.259
5300,NUSA TENGGARA TIMUR,2022,0.326
3400,DI YOGYAKARTA,2022,0.439
6200,KALIMANTAN TENGAH,2022,0.319
7200,SULAWESI TENGAH,2022,0.28
1700,BENGKULU,2022,0.264
1200,SUMATERA UTARA,2022,0.326
5300,NUSA TENGGARA TIMUR,2022,0.308
7400,SULAWESI TENGGARA,2022,0.404
6100,KALIMANTAN BARAT,2022,0.264
1100,ACEH,2022,0.272
6200,KALIMANTAN TENGAH,2022,0.292
1300,SUMATERA BARAT,2022,0.3
5300,NUSA TENGGARA TIMUR,2022,0.304
6500,KALIMANTAN UTARA,2022,0.27
1900,KEP. BANGKA BELITUNG,2022,0.236
9100,PAPUA BARAT,2022,0.37
8100,MALUKU,2022,0.297
1500,JAMBI,2022,0.351
5100,BALI,2022,0.363
5300,NUSA TENGGARA TIMUR,2022,0.34
9999,INDONESIA,2022,0.313
1200,SUMATERA UTARA,2022,0.259
3500,JAWA TIMUR,2022,0.371
6300,KALIMANTAN SELATAN,2022,0.317
7600,SULAWESI BARAT,2022,0.448
3400,DI YOGYAKARTA,2022,0.332
9400,PAPUA,2022,0.393
7600,SULAWESI BARAT,2022,0.472
9400,PAPUA,2022,0.294
2100,KEP. RIAU,2022,0.342
3300,JAWA TENGAH,2022,0.326
3600,BANTEN,2022,0.287
5100,BALI,2022,0.282
6400,KALIMANTAN TIMUR,2022,0.317
8200,MALUKU UTARA,2022,0.309
3300,JAWA TENGAH,2022,0.392
3500,JAWA TIMUR,2022,0.388
5200,NUSA TENGGARA BARAT,2022,0.406
9999,INDONESIA,2022,0.403
5200,NUSA TENGGARA BARAT,2022,0.325
1200,SUMATERA UTARA,2022,0.343
2100,KEP. RIAU,2022,0.328
3100,DKI JAKARTA,2022,0.423
6300,KALIMANTAN SELATAN,2022,0.345
6400,KALIMANTAN TIMUR,2022,0.334
2100,KEP. RIAU,2022,0.342
7200,SULAWESI TENGAH,2022,0.308
6300,KALIMANTAN SELATAN,2022,0.329
1300,SUMATERA BARAT,2022,0.243
6200,KALIMANTAN TENGAH,2022,0.348
7200,SULAWESI TENGAH,2022,0.343
1400,RIAU,2022,0.326
7200,SULAWESI TENGAH,2022,0.272
6100,KALIMANTAN BARAT,2022,0.342
1500,JAMBI,2022,0.376
1400,RIAU,2022,0.282
7200,SULAWESI TENGAH,2022,0.337
7300,SULAWESI SELATAN,2022,0.336
1400,RIAU,2022,0.323
3300,JAWA TENGAH,2022,0.366
9400,PAPUA,2022,0.315
2100,KEP. RIAU,2022,0.325
7500,GORONTALO,2022,0.418
3500,JAWA TIMUR,2022,0.323
3500,JAWA TIMUR,2022,0.381
8200,MALUKU UTARA,2022,0.247
1900,KEP. BANGKA BELITUNG,2022,0.263
1300,SUMATERA BARAT,2022,0.292
1900,KEP. BANGKA BELITUNG,2022,0.255
1200,SUMATERA UTARA,2022,0.249
9100,PAPUA BARAT,2022,0.384
3200,JAWA BARAT,2022,0.412
1700,BENGKULU,2022,0.37
9100,PAPUA BARAT,2022,0.294
6100,KALIMANTAN BARAT,2022,0.314
6400,KALIMANTAN TIMUR,2022,0.327
3400,DI YOGYAKARTA,2022,0.342
1300,SUMATERA BARAT,2022,0.316
7600,SULAWESI BARAT,2022,0.362
7400,SULAWESI TENGGARA,2022,0.382
1200,SUMATERA UTARA,2022,0.358
1600,SUMATERA SELATAN,2022,0.348
1800,LAMPUNG,2022,0.313
3400,DI YOGYAKARTA,2022,0.468
8200,MALUKU UTARA,2022,0.33
6500,KALIMANTAN UTARA,2022,0.287
1800,LAMPUNG,2022,0.341
1900,KEP. BANGKA BELITUNG,2022,0.248
7100,SULAWESI UTARA,2022,0.362
8100,MALUKU,2022,0.309
9999,INDONESIA,2022,0.381
6400,KALIMANTAN TIMUR,2022,0.301
1900,KEP. BANGKA BELITUNG,2022,0.222
7300,SULAWESI SELATAN,2022,0.324
8100,MALUKU,2022,0.306
1400,RIAU,2022,0.363
3400,DI YOGYAKARTA,2022,0.459
7500,GORONTALO,2022,0.406
6200,KALIMANTAN TENGAH,2022,0.309
6400,KALIMANTAN TIMUR,2022,0.283
6100,KALIMANTAN BARAT,2022,0.311
6500,KALIMANTAN UTARA,2022,0.256
6100,KALIMANTAN BARAT,2022,0.334
1100,ACEH,2022,0.348
3100,DKI JAKARTA,2022,0.412
3200,JAWA BARAT,2022,0.322
7500,GORONTALO,2022,0.409
5200,NUSA TENGGARA BARAT,2022,0.374
1600,SUMATERA SELATAN,2022,0.33
1700,BENGKULU,2022,0.315
5100,BALI,2022,0.371
7100,SULAWESI UTARA,2022,0.365
5300,NUSA TENGGARA TIMUR,2022,0.324
1800,LAMPUNG,2022,0.314
3600,BANTEN,2022,0.377
7600,SULAWESI BARAT,2022,0.322
1600,SUMATERA SELATAN,2022,0.358
7400,SULAWESI TENGGARA,2022,0.366
7300,SULAWESI SELATAN,2022,0.377
3600,BANTEN,2022,0.367
3600,BANTEN,2022,0.363
1500,JAMBI,2022,0.335
2100,KEP. RIAU,2022,0.247
6300,KALIMANTAN SELATAN,2022,0.273
3500,JAWA TIMUR,2022,0.365
9400,PAPUA,2023,0.386
1200,SUMATERA UTARA,2023,0.309
6400,KALIMANTAN TIMUR,2023,0.322
1300,SUMATERA BARAT,2023,0.28
6100,KALIMANTAN BARAT,2023,0.321
6500,KALIMANTAN UTARA,2023,0.27
6100,KALIMANTAN BARAT,2023,0.348
6200,KALIMANTAN TENGAH,2023,0.317
6500,KALIMANTAN UTARA,2023,0.274
1900,KEP. BANGKA BELITUNG,2023,0.265
7400,SULAWESI TENGGARA,2023,0.338
1800,LAMPUNG,2023,0.287
3400,DI YOGYAKARTA,2023,0.362
6500,KALIMANTAN UTARA,2023,0.277
1100,ACEH,2023,0.296
3400,DI YOGYAKARTA,2023,0.449
1200,SUMATERA UTARA,2023,0.242
3100,DKI JAKARTA,2023,0.431
1200,SUMATERA UTARA,2023,0.34
7600,SULAWESI BARAT,2023,0.351
1900,KEP. BANGKA BELITUNG,2023,0.202
9400,PAPUA,2023,0.3
5200,NUSA TENGGARA BARAT,2023,0.375
1500,JAMBI,2023,0.343
8200,MALUKU UTARA,2023,0.269
1500,JAMBI,2023,0.365
1600,SUMATERA SELATAN,2023,0.338
1100,ACEH,2023,0.318
3200,JAWA BARAT,2023,0.439
1700,BENGKULU,2023,0.333
3100,DKI JAKARTA,2023,0.431
1100,ACEH,2023,0.265
6100,KALIMANTAN BARAT,2023,0.273
7600,SULAWESI BARAT,2023,0.452
3500,JAWA TIMUR,2023,0.387
6400,KALIMANTAN TIMUR,2023,0.292
3300,JAWA TENGAH,2023,0.399
1900,KEP. BANGKA BELITUNG,2023,0.245
1800,LAMPUNG,2023,0.324
9999,INDONESIA,2023,0.388
7200,SULAWESI TENGAH,2023,0.304
9100,PAPUA BARAT,2023,0.418
7200,SULAWESI TENGAH,2023,0.344
1400,RIAU,2023,0.369
9999,INDONESIA,2023,0.313
9400,PAPUA,2023,0.403
5100,BALI,2023,0.367
3300,JAWA TENGAH,2023,0.369
1300,SUMATERA BARAT,2023,0.232
8100,MALUKU,2023,0.288
1800,LAMPUNG,2023,0.359
5100,BALI,2023,0.29
7500,GORONTALO,2023,0.403
5300,NUSA TENGGARA TIMUR,2023,0.307
3300,JAWA TENGAH,2023,0.318
1500,JAMBI,2023,0.32
1600,SUMATERA SELATAN,2023,0.305
8200,MALUKU UTARA,2023,0.3
1700,BENGKULU,2023,0.283
6400,KALIMANTAN TIMUR,2023,0.328
3500,JAWA TIMUR,2023,0.337
8100,MALUKU,2023,0.247
7100,SULAWESI UTARA,2023,0.377
1400,RIAU,2023,0.274
7200,SULAWESI TENGAH,2023,0.265
7100,SULAWESI UTARA,2023,0.345
1600,SUMATERA SELATAN,2023,0.36
6200,KALIMANTAN TENGAH,2023,0.335
1300,SUMATERA BARAT,2023,0.305
7400,SULAWESI TENGGARA,2023,0.371
3400,DI YOGYAKARTA,2023,0.453
7100,SULAWESI UTARA,2023,0.37
7300,SULAWESI SELATAN,2023,0.339
3500,JAWA TIMUR,2023,0.404
9100,PAPUA BARAT,2023,0.37
3200,JAWA BARAT,2023,0.425
6300,KALIMANTAN SELATAN,2023,0.313
6300,KALIMANTAN SELATAN,2023,0.345
7500,GORONTALO,2023,0.403
5200,NUSA TENGGARA BARAT,2023,0.334
5100,BALI,2023,0.362
7600,SULAWESI BARAT,2023,0.308
7300,SULAWESI SELATAN,2023,0.386
3600,BANTEN,2023,0.368
3600,BANTEN,2023,0.256
9999,INDONESIA,2023,0.409
7300,SULAWESI SELATAN,2023,0.377
1700,BENGKULU,2023,0.386
2100,KEP. RIAU,2023,0.248
5300,NUSA TENGGARA TIMUR,2023,0.325
8200,MALUKU UTARA,2023,0.326
8100,MALUKU,2023,0.288
6300,KALIMANTAN SELATAN,2023,0.259
6200,KALIMANTAN TENGAH,2023,0.298
2100,KEP. RIAU,2023,0.339
3200,JAWA BARAT,2023,0.321
1400,RIAU,2023,0.324
2100,KEP. RIAU,2023,0.34
7400,SULAWESI TENGGARA,2023,0.393
9100,PAPUA BARAT,2023,0.282
5200,NUSA TENGGARA BARAT,2023,0.402
7500,GORONTALO,2023,0.417
5300,NUSA TENGGARA TIMUR,2023,0.299
3600,BANTEN,2023,0.372
1400,RIAU,2024,0.333
1100,ACEH,2024,0.258
3400,DI YOGYAKARTA,2024,0.435
1900,KEP. BANGKA BELITUNG,2024,0.251
8100,MALUKU,2024,0.291
6500,KALIMANTAN UTARA,2024,0.264
7300,SULAWESI SELATAN,2024,0.363
2100,KEP. RIAU,2024,0.236
7300,SULAWESI SELATAN,2024,0.36
7200,SULAWESI TENGAH,2024,0.34
9600,PAPUA TENGAH,2024,0.355
1600,SUMATERA SELATAN,2024,0.352
9200,PAPUA BARAT DAYA,2024,0.413
1900,KEP. BANGKA BELITUNG,2024,0.244
7200,SULAWESI TENGAH,2024,0.34
9400,PAPUA,2024,0.362
5100,BALI,2024,0.285
6300,KALIMANTAN SELATAN,2024,0.255
7400,SULAWESI TENGGARA,2024,0.365
7400,SULAWESI TENGGARA,2024,0.37
9500,PAPUA SELATAN,2024,0.424
9999,INDONESIA,2024,0.308
7200,SULAWESI TENGAH,2024,0.271
9200,PAPUA BARAT DAYA,2024,0.266
1300,SUMATERA BARAT,2024,0.228
3400,DI YOGYAKARTA,2024,0.428
3200,JAWA BARAT,2024,0.421
5200,NUSA TENGGARA BARAT,2024,0.32
1400,RIAU,2024,0.271
9200,PAPUA BARAT DAYA,2024,0.262
9700,PAPUA PEGUNUNGAN,2024,0.244
3100,DKI JAKARTA,2024,0.423
7300,SULAWESI SELATAN,2024,0.325
3100,DKI JAKARTA,2024,0.431
5200,NUSA TENGGARA BARAT,2024,0.388
5100,BALI,2024,0.361
1400,RIAU,2024,0.307
9999,INDONESIA,2024,0.399
3200,JAWA BARAT,2024,0.434
9600,PAPUA TENGAH,2024,0.374
2100,KEP. RIAU,2024,0.349
5200,NUSA TENGGARA BARAT,2024,0.364
6200,KALIMANTAN TENGAH,2024,0.311
1200,SUMATERA UTARA,2024,0.236
9700,PAPUA PEGUNUNGAN,2024,0.224
5100,BALI,2024,0.287
8100,MALUKU,2024,0.277
1900,KEP. BANGKA BELITUNG,2024,0.263
7300,SULAWESI SELATAN,2024,0.33
8200,MALUKU UTARA,2024,0.275
6500,KALIMANTAN UTARA,2024,0.245
7500,GORONTALO,2024,0.408
3300,JAWA TENGAH,2024,0.392
1400,RIAU,2024,0.267
7600,SULAWESI BARAT,2024,0.404
1500,JAMBI,2024,0.279
9700,PAPUA PEGUNUNGAN,2024,0.349
1400,RIAU,2024,0.306
3200,JAWA BARAT,2024,0.327
7100,SULAWESI UTARA,2024,0.331
9500,PAPUA SELATAN,2024,0.429
9999,INDONESIA,2024,0.379
6500,KALIMANTAN UTARA,2024,0.259
3100,DKI JAKARTA,2024,0.431
3300,JAWA TENGAH,2024,0.317
1300,SUMATERA BARAT,2024,0.31
1500,JAMBI,2024,0.36
7200,SULAWESI TENGAH,2024,0.301
9100,PAPUA BARAT,2024,0.385
8200,MALUKU UTARA,2024,0.243
3500,JAWA TIMUR,2024,0.325
5300,NUSA TENGGARA TIMUR,2024,0.316
1600,SUMATERA SELATAN,2024,0.357
7100,SULAWESI UTARA,2024,0.364
1800,LAMPUNG,2024,0.302
3400,DI YOGYAKARTA,2024,0.44
7600,SULAWESI BARAT,2024,0.303
2100,KEP. RIAU,2024,0.24
1900,KEP. BANGKA BELITUNG,2024,0.196
5100,BALI,2024,0.352
2100,KEP. RIAU,2024,0.357
1200,SUMATERA UTARA,2024,0.333
7600,SULAWESI BARAT,2024,0.456
6200,KALIMANTAN TENGAH,2024,0.282
9700,PAPUA PEGUNUNGAN,2024,0.346
3500,JAWA TIMUR,2024,0.388
1300,SUMATERA BARAT,2024,0.226
3300,JAWA TENGAH,2024,0.367
8100,MALUKU,2024,0.282
7600,SULAWESI BARAT,2024,0.354
6300,KALIMANTAN SELATAN,2024,0.298
3200,JAWA BARAT,2024,0.325
9600,PAPUA TENGAH,2024,0.253
7300,SULAWESI SELATAN,2024,0.373
6200,KALIMANTAN TENGAH,2024,0.304
3200,JAWA BARAT,2024,0.428
1800,LAMPUNG,2024,0.323
7400,SULAWESI TENGGARA,2024,0.392
1600,SUMATERA SELATAN,2024,0.305
5300,NUSA TENGGARA TIMUR,2024,0.306
1500,JAMBI,2024,0.315
7500,GORONTALO,2024,0.402
1200,SUMATERA UTARA,2024,0.23
9200,PAPUA BARAT DAYA,2024,0.346
6200,KALIMANTAN TENGAH,2024,0.301
9200,PAPUA BARAT DAYA,2024,0.418
1100,ACEH,2024,0.325
6300,KALIMANTAN SELATAN,2024,0.326
1700,BENGKULU,2024,0.278
9500,PAPUA SELATAN,2024,0.299
8200,MALUKU UTARA,2024,0.328
3100,DKI JAKARTA,2024,0.423
1500,JAMBI,2024,0.321
9600,PAPUA TENGAH,2024,0.381
1500,JAMBI,2024,0.353
9500,PAPUA SELATAN,2024,0.435
1600,SUMATERA SELATAN,2024,0.333
1200,SUMATERA UTARA,2024,0.297
5200,NUSA TENGGARA BARAT,2024,0.361
3600,BANTEN,2024,0.246
1400,RIAU,2024,0.345
6400,KALIMANTAN TIMUR,2024,0.282
5300,NUSA TENGGARA TIMUR,2024,0.282
5100,BALI,2024,0.364
5300,NUSA TENGGARA TIMUR,2024,0.281
5300,NUSA TENGGARA TIMUR,2024,0.305
7600,SULAWESI BARAT,2024,0.33
6300,KALIMANTAN SELATAN,2024,0.329
7600,SULAWESI BARAT,2024,0.296
5200,NUSA TENGGARA BARAT,2024,0.383
3400,DI YOGYAKARTA,2024,0.349
1700,BENGKULU,2024,0.342
3300,JAWA TENGAH,2024,0.364
9400,PAPUA,2024,0.505
6100,KALIMANTAN BARAT,2024,0.314
9100,PAPUA BARAT,2024,0.296
9999,INDONESIA,2024,0.381
9400,PAPUA,2024,0.405
3600,BANTEN,2024,0.353
9999,INDONESIA,2024,0.306
5100,BALI,2024,0.348
6200,KALIMANTAN TENGAH,2024,0.322
1500,JAMBI,2024,0.288
6100,KALIMANTAN BARAT,2024,0.258
7200,SULAWESI TENGAH,2024,0.259
9500,PAPUA SELATAN,2024,0.351
5300,NUSA TENGGARA TIMUR,2024,0.316
6400,KALIMANTAN TIMUR,2024,0.325
3500,JAWA TIMUR,2024,0.372
7100,SULAWESI UTARA,2024,0.351
7500,GORONTALO,2024,0.414
7500,GORONTALO,2024,0.4
6300,KALIMANTAN SELATAN,2024,0.302
2100,KEP. RIAU,2024,0.36
6100,KALIMANTAN BARAT,2024,0.341
1100,ACEH,2024,0.294
3600,BANTEN,2024,0.357
9400,PAPUA,2024,0.299
1300,SUMATERA BARAT,2024,0.287
1900,KEP. BANGKA BELITUNG,2024,0.189
6400,KALIMANTAN TIMUR,2024,0.31
7500,GORONTALO,2024,0.413
6500,KALIMANTAN UTARA,2024,0.265
6100,KALIMANTAN BARAT,2024,0.34
1800,LAMPUNG,2024,0.275
1200,SUMATERA UTARA,2024,0.325
7400,SULAWESI TENGGARA,2024,0.337
1600,SUMATERA SELATAN,2024,0.3
2100,KEP. RIAU,2024,0.351
3600,BANTEN,2024,0.359
9999,INDONESIA,2024,0.402
3500,JAWA TIMUR,2024,0.332
1700,BENGKULU,2024,0.409
3600,BANTEN,2024,0.254
6300,KALIMANTAN SELATAN,2024,0.259
6100,KALIMANTAN BARAT,2024,0.259
9400,PAPUA,2024,0.418
7200,SULAWESI TENGAH,2024,0.309
3500,JAWA TIMUR,2024,0.387
1100,ACEH,2024,0.332
9600,PAPUA TENGAH,2024,0.397
9500,PAPUA SELATAN,2024,0.404
1700,BENGKULU,2024,0.343
9200,PAPUA BARAT DAYA,2024,0.347
7400,SULAWESI TENGGARA,2024,0.374
7100,SULAWESI UTARA,2024,0.334
8100,MALUKU,2024,0.233
8200,MALUKU UTARA,2024,0.343
6200,KALIMANTAN TENGAH,2024,0.288
6100,KALIMANTAN BARAT,2024,0.31
6400,KALIMANTAN TIMUR,2024,0.289
1100,ACEH,2024,0.294
1900,KEP. BANGKA BELITUNG,2024,0.235
1800,LAMPUNG,2024,0.27
9700,PAPUA PEGUNUNGAN,2024,0.34
1100,ACEH,2024,0.253
8200,MALUKU UTARA,2024,0.296
3400,DI YOGYAKARTA,2024,0.355
8100,MALUKU,2024,0.284
9100,PAPUA BARAT,2024,0.283
3300,JAWA TENGAH,2024,0.31
1200,SUMATERA UTARA,2024,0.306
1700,BENGKULU,2024,0.275
7100,SULAWESI UTARA,2024,0.36
3200,JAWA BARAT,2024,0.439
3400,DI YOGYAKARTA,2024,0.429
3500,JAWA TIMUR,2024,0.373
1600,SUMATERA SELATAN,2024,0.331
9100,PAPUA BARAT,2024,0.426
6400,KALIMANTAN TIMUR,2024,0.321
1300,SUMATERA BARAT,2024,0.313
7300,SULAWESI SELATAN,2024,0.369
8100,MALUKU,2024,0.236
8200,MALUKU UTARA,2024,0.316
1300,SUMATERA BARAT,2024,0.283
9600,PAPUA TENGAH,2024,0.27
9700,PAPUA PEGUNUNGAN,2024,0.346
7500,GORONTALO,2024,0.397
6500,KALIMANTAN UTARA,2024,0.258
6500,KALIMANTAN UTARA,2024,0.273
3300,JAWA TENGAH,2024,0.399
1800,LAMPUNG,2024,0.329
5200,NUSA TENGGARA BARAT,2024,0.326
9400,PAPUA,2024,0.322
6400,KALIMANTAN TIMUR,2024,0.315
7100,SULAWESI UTARA,2024,0.347
3600,BANTEN,2024,0.361
7400,SULAWESI TENGGARA,2024,0.33
1800,LAMPUNG,2024,0.301
9100,PAPUA BARAT,2024,0.416
9100,PAPUA BARAT,2024,0.389
1700,BENGKULU,2024,0.413
8100,MALUKU,2025,0.276
3500,JAWA TIMUR,2025,0.383
5100,BALI,2025,0.353
9400,PAPUA,2025,0.314
1300,SUMATERA BARAT,2025,0.282
5100,BALI,2025,0.277
1200,SUMATERA UTARA,2025,0.324
1500,JAMBI,2025,0.328
9600,PAPUA TENGAH,2025,0.333
7100,SULAWESI UTARA,2025,0.343
1700,BENGKULU,2025,0.349
9999,INDONESIA,2025,0.375
9400,PAPUA,2025,0.404
7200,SULAWESI TENGAH,2025,0.279
6100,KALIMANTAN BARAT,2025,0.348
8200,MALUKU UTARA,2025,0.34
8200,MALUKU UTARA,2025,0.249
1900,KEP. BANGKA BELITUNG,2025,0.199
9600,PAPUA TENGAH,2025,0.207
1400,RIAU,2025,0.307
6300,KALIMANTAN SELATAN,2025,0.304
9100,PAPUA BARAT,2025,0.374
1700,BENGKULU,2025,0.269
3600,BANTEN,2025,0.221
1600,SUMATERA SELATAN,2025,0.224
9999,INDONESIA,2025,0.395
3400,DI YOGYAKARTA,2025,0.426
3400,DI YOGYAKARTA,2025,0.434
7300,SULAWESI SELATAN,2025,0.363
9500,PAPUA SELATAN,2025,0.412
2100,KEP. RIAU,2025,0.238
1500,JAMBI,2025,0.275
7100,SULAWESI UTARA,2025,0.343
8100,MALUKU,2025,0.296
7500,GORONTALO,2025,0.389
7300,SULAWESI SELATAN,2025,0.373
3600,BANTEN,2025,0.33
1100,ACEH,2025,0.329
3200,JAWA BARAT,2025,0.426
1800,LAMPUNG,2025,0.261
6200,KALIMANTAN TENGAH,2025,0.272
6200,KALIMANTAN TENGAH,2025,0.31
3300,JAWA TENGAH,2025,0.306
6300,KALIMANTAN SELATAN,2025,0.287
7400,SULAWESI TENGGARA,2025,0.363
6100,KALIMANTAN BARAT,2025,0.267
5300,NUSA TENGGARA TIMUR,2025,0.315
9500,PAPUA SELATAN,2025,0.326
6400,KALIMANTAN TIMUR,2025,0.287
9700,PAPUA PEGUNUNGAN,2025,0.345
1300,SUMATERA BARAT,2025,0.307
2100,KEP. RIAU,2025,0.382
7100,SULAWESI UTARA,2025,0.332
2100,KEP. RIAU,2025,0.383
7200,SULAWESI TENGAH,2025,0.249
1700,BENGKULU,2025,0.424
3300,JAWA TENGAH,2025,0.359
3100,DKI JAKARTA,2025,0.441
6500,KALIMANTAN UTARA,2025,0.253
6400,KALIMANTAN TIMUR,2025,0.312
1900,KEP. BANGKA BELITUNG,2025,0.222
9200,PAPUA BARAT DAYA,2025,0.363
6300,KALIMANTAN SELATAN,2025,0.248
3200,JAWA BARAT,2025,0.416
5200,NUSA TENGGARA BARAT,2025,0.369
1100,ACEH,2025,0.282
7600,SULAWESI BARAT,2025,0.316
6400,KALIMANTAN TIMUR,2025,0.316
1200,SUMATERA UTARA,2025,0.295
1300,SUMATERA BARAT,2025,0.232
1200,SUMATERA UTARA,2025,0.228
1800,LAMPUNG,2025,0.292
3500,JAWA TIMUR,2025,0.369
7200,SULAWESI TENGAH,2025,0.305
9500,PAPUA SELATAN,2025,0.418
6100,KALIMANTAN BARAT,2025,0.316
9200,PAPUA BARAT DAYA,2025,0.478
6500,KALIMANTAN UTARA,2025,0.261
1500,JAMBI,2025,0.301
5200,NUSA TENGGARA BARAT,2025,0.323
9100,PAPUA BARAT,2025,0.279
7300,SULAWESI SELATAN,2025,0.333
7400,SULAWESI TENGGARA,2025,0.345
5300,NUSA TENGGARA TIMUR,2025,0.298
9600,PAPUA TENGAH,2025,0.348
1600,SUMATERA SELATAN,2025,0.311
7500,GORONTALO,2025,0.392
7500,GORONTALO,2025,0.376
1900,KEP. BANGKA BELITUNG,2025,0.232
5300,NUSA TENGGARA TIMUR,2025,0.28
9400,PAPUA,2025,0.511
1600,SUMATERA SELATAN,2025,0.37
7400,SULAWESI TENGGARA,2025,0.359
5100,BALI,2025,0.352
9100,PAPUA BARAT,2025,0.409
1400,RIAU,2025,0.345
8200,MALUKU UTARA,2025,0.299
6500,KALIMANTAN UTARA,2025,0.262
6200,KALIMANTAN TENGAH,2025,0.292
9999,INDONESIA,2025,0.299
3500,JAWA TIMUR,2025,0.326
8100,MALUKU,2025,0.249
3400,DI YOGYAKARTA,2025,0.334
9200,PAPUA BARAT DAYA,2025,0.251
3600,BANTEN,2025,0.335
5200,NUSA TENGGARA BARAT,2025,0.397
7600,SULAWESI BARAT,2025,0.434
3200,JAWA BARAT,2025,0.323
7600,SULAWESI BARAT,2025,0.259
3100,DKI JAKARTA,2025,0.441
1800,LAMPUNG,2025,0.319
3300,JAWA TENGAH,2025,0.39
9700,PAPUA PEGUNUNGAN,2025,0.349
1400,RIAU,2025,0.267
1100,ACEH,2025,0.224
9700,PAPUA PEGUNUNGAN,2025,0.301
